PARTNER,TYPE,NAME_FIRST,NAMEMIDDLE,NAME_LAST,NAME_LST2,NAME_ORG1,NAME_ORG2,GESCHL,BIRTHDT,IDTYPE,IDNUMBER,RLTYP,ZZ_CATEGORIA,ZZ_AFILIACION,ZZ_ESTADO_AFIL,COUNTRY,REGION,CITY1,STREET,SMTP_ADDR,TELEFONOS,RELACIONES,ZZ_GRUPO_FAM,ZZ_CONSENT_DP,ZZ_CONSENT_COM,ZZ_PREF,ZZ_PREF_EMAIL,ZZ_FALLECIDO,ZZ_TIPO_ORG,CHDAT
0007000001,1,Carlos,,Barrios,Suárez,,,1,19760806,ZCC,936917113,ZAFI,B,AF-000001,A,CO,ANT,05001,Cl. 6ª # 9M-27,carlos.cantillo40@ejemplo.test,3299389598:TIT:OWN:TIT,,,Y,Y,,,,,20260901
0007000002,1,Julio,Julio,Anaya,Fajardo,,,1,19750303,ZPPT,954881555,ZAFI,B,AF-000002,A,CO,BOG,11001,Av. San Carlos # 4-2 Este,julio.garcía42@ejemplo.test,3232682549:TIT:OWN:TIT,,,Y,Y,,,,,20260901
0007000003,1,Alberto,Alfredo,Saavedra,Zambrano,,,1,19590825,ZCC,918449411,ZAFI,B,AF-000003,A,CO,VAL,76001,Avenida carrera 168 # 51-69 Sur,alberto.martínez43@ejemplo.test,3362654382:TIT:OWN:TIT,,,Y,Y,,,,,20260901
0007000004,1,Jorge,Alberto,Barrios,Jaramillo,,,1,19990611,ZCC,991346132,ZAFI,B,AF-000004,A,CO,BOG,11001,Carrera 39 Bis O # 49-3 Sur,jorge.morales44@ejemplo.test,3156612238:TIT:OWN:TIT,,,Y,Y,,,,,20260901
0007000005,1,Alejandro,,Hernández,Tovar,,,1,19610227,ZCC,920340237,ZAFI,A,AF-000005,A,CO,VAL,76001,Cl. 20 # 2-2,alejandro.melo45@ejemplo.test,3467742475:TIT:OWN:TIT,,,Y,Y,,,,,20260901
0007000006,1,Jhoana,Maritza,Hernández,Hernández,,,2,19980720,ZCC,988846128,ZAFI,A,AF-000006,A,CO,VAL,76001,Cl. 49 # 39-52 Sur,jhoana.ramírez46@ejemplo.test,3035365162:TIT:OWN:TIT,,,Y,Y,,,,,20260901
0007000007,1,Sonia,Pilar,Caballero,Guerrero,,,2,19601228,ZPAS,924443198,ZAFI,B,AF-000007,A,CO,VAL,76001,Avenida Caballero # 99M-3 Sur,sonia.sánchez47@ejemplo.test,3026456059:TIT:OWN:TIT,,,Y,Y,,,,,20260901
0007000008,1,Edwin,,Álvarez,Gutiérrez,,,1,19731126,ZCC,959566988,ZAFI,B,AF-000008,A,CO,CUN,25286,Calle 27 # 6-9,edwin.ardila48@ejemplo.test,3227445404:TIT:OWN:TIT,,,Y,Y,,,,,20260901
0007000009,1,Edwin,Roberto,Montoya,Riascos,,,1,19970816,ZCC,957895880,ZAFI,B,AF-000009,A,CO,CUN,25286,Calle 170 # 47-29 Este,edwin.giraldo49@ejemplo.test,3310414103:TIT:OWN:TIT,,,Y,Y,,,,,20260901
0007000010,1,Adrián,Luis,Ocampo,Reyes,,,1,19870216,ZCC,945311457,ZAFI,C,AF-000010,A,CO,ANT,05001,Cr. 161 # 15X-7 Sur,adrián.gil50@ejemplo.test,3034305632:TIT:OWN:TIT,,,Y,Y,,,,,20260901
0007000011,1,Amalia,,Pedraza,Velásquez,,,2,19931118,ZCC,979664345,ZAFI,A,AF-000011,A,CO,CUN,25754,Transversal 26 # 1-1 Este,amalia.calderón51@ejemplo.test,3420717758:TIT:OWN:TIT,,,Y,Y,,,,,20260901
0007000012,1,Jorge,,Oviedo,Betancur,,,1,19930103,ZCC,951233887,ZAFI,C,AF-000012,A,CO,CUN,25754,Cl. 2C # 83-7 Este,jorge.rodríguez52@ejemplo.test,3340457442:TIT:OWN:TIT,,,Y,Y,,,,,20260901
0007000013,1,Alberto,,Torres,Gallego,,,1,19600405,ZCC,993455231,ZAFI,C,AF-000013,A,CO,ANT,05001,Avenida calle 2ª # 15-15 Sur,alberto.ocampo53@ejemplo.test,3081733853:TIT:OWN:TIT,,,Y,Y,,,,,20260901
0007000014,1,Luz,Patricia,González,Henao,,,2,20031118,ZCC,986492185,ZAFI,C,AF-000014,A,CO,CUN,25754,Cl. 7ª # 1S-30 Este,luz.vásquez54@ejemplo.test,3137344596:TIT:OWN:TIT,,,Y,Y,,,,,20260901
0007000015,1,Patricia,Rosa,Bedoya,Rojas,,,2,19960524,ZCC,998898216,ZAFI,C,AF-000015,A,CO,CUN,25286,Av. carrera 7ª # 97K-9 Este,patricia.toro55@ejemplo.test,3469813661:TIT:OWN:TIT,,,Y,Y,,,,,20260901
0007000016,1,Rafael,,Sánchez,Carrillo,,,1,19580130,ZCC,944156626,ZAFI,A,AF-000016,A,CO,BOG,11001,Calle 17 # 28-9 Sur,rafael.rodríguez56@ejemplo.test,3033344311:TIT:OWN:TIT,,,Y,Y,,,,,20260901
0007000017,1,Isaac,Carlos,Amaya,Agudelo,,,1,19930322,ZCC,932562108,ZAFI,C,AF-000017,A,CO,VAL,76001,Avenida Rodrigo Óscar Castellanos # 74-3,isaac.flórez57@ejemplo.test,3227967789:TIT:OWN:TIT,,,Y,Y,,,,,20260901
0007000018,1,Didier,Harvey,Arévalo,Palacios,,,1,19610717,ZCC,947361453,ZAFI,C,AF-000018,A,CO,CUN,25286,Calle 76 # 49-50 Sur,didier.santos58@ejemplo.test,3365743837:TIT:OWN:TIT,,,Y,Y,,,,,20260901
0007000019,1,Pedro,Vicente,Henao,González,,,1,19850127,ZCC,936623245,ZAFI,C,AF-000019,A,CO,ANT,05001,Carrera 79 # 52-16 Sur,pedro.gómez59@ejemplo.test,3437627729:TIT:OWN:TIT,,,Y,Y,,,,,20260901
0007000020,1,Luis,,Sánchez,Posada,,,1,19510713,ZCC,962229134,ZAFI,A,AF-000020,A,CO,CUN,25286,Carrera 71 Bis # 1-30,luis.garcía60@ejemplo.test,3395941755:TIT:OWN:TIT,,,Y,Y,,,,,20260901
0007000021,1,José,,Díaz,Guzmán,,,1,19750731,ZCC,930496940,ZAFI,A,AF-000021,A,CO,VAL,76001,Carrera 65 # 61-7 Este,josé.niño61@ejemplo.test,3298156014:TIT:OWN:TIT,,,Y,Y,,,,,20260901
0007000022,1,Deicy,,Jaramillo,Bustos,,,2,19770517,ZCC,924280139,ZAFI,A,AF-000022,A,CO,BOG,11001,Carrera 1G # 70-41,deicy.monsalve62@ejemplo.test,3322086255:TIT:OWN:TIT,,,Y,Y,,,,,20260901
0007000023,1,Orlando,,Anaya,Martínez,,,1,19470201,ZCC,957447214,ZAFI,C,AF-000023,A,CO,BOG,11001,Avenida Moreno # 4Y-2,orlando.garcía63@ejemplo.test,3199219402:TIT:OWN:TIT,,,Y,Y,,,,,20260901
0007000024,1,María,María,Romero,Velásquez,,,2,19700428,ZPAS,940734828,ZAFI,C,AF-000024,A,CO,BOG,11001,Dg. 116 # 5-11 Sur,maría.ochoa64@ejemplo.test,3261127761:TIT:OWN:TIT,,,Y,Y,,,,,20260901
0007000025,1,Luis,Jesús,Torres,Ramírez,,,1,20011101,ZCE,963291989,ZAFI,C,AF-000025,A,CO,CUN,25286,Cr. 3ª # 95-8 Este,luis.barreto66@ejemplo.test,3135181542:TIT:OWN:TIT,,,Y,Y,,,,,20260901
0007000026,1,Julieth,Ana,Agudelo,García,,,2,20031205,ZCC,915515666,ZAFI,A,AF-000026,A,CO,BOG,11001,Cl. 121 # 71-10 Este,julieth.andrade67@ejemplo.test,3039632728:TIT:OWN:TIT,,,Y,Y,,,,,20260901
0007000027,1,Daniel,,González,Silva,,,1,19921211,ZCC,941908765,ZAFI,B,AF-000027,A,CO,CUN,25286,Cl. 99 # 16-8 Este,daniel.mendoza68@ejemplo.test,3047032671:TIT:OWN:TIT,,,Y,Y,,,,,20260901
0007000028,1,Maritza,Julia,Romero,Rubio,,,2,19920101,ZCC,932556645,ZAFI,C,AF-000028,A,CO,VAL,76001,Avenida calle 128 # 9P-1 Sur,maritza.arboleda72@ejemplo.test,3359511683:TIT:OWN:TIT,,,Y,Y,,,,,20260901
0007000029,1,Yasmín,Ligia,Osorio,Pérez,,,2,19960313,ZCC,918796357,ZAFI,B,AF-000029,A,CO,VAL,76001,Cl. 46 # 66K-66 Sur,yasmín.anaya73@ejemplo.test,3057219086:TIT:OWN:TIT,,,Y,Y,,,,,20260901
0007000030,1,Dario,,Cuéllar,Rueda,,,1,19500625,ZCC,956371647,ZAFI,A,AF-000030,A,CO,BOG,11001,Dg. 20 # 5-67 Este,dario.bejarano74@ejemplo.test,3435272628:TIT:OWN:TIT,,,Y,Y,,,,,20260901
0007000031,1,Edilberto,,González,Vallejo,,,1,19920622,ZCC,933795712,ZAFI,B,AF-000031,A,CO,CUN,25754,Calle 182 # 21N-8 Sur,edilberto.martínez75@ejemplo.test,3390105207:TIT:OWN:TIT,,,Y,Y,,,,,20260901
0007000032,1,Dario,,Méndez,Chacón,,,1,19830308,ZCC,958440477,ZAFI,B,AF-000032,A,CO,ANT,05001,Carrera 66Q # 43-26 Este,dario.medina76@ejemplo.test,3435597737:TIT:OWN:TIT,,,Y,Y,,,,,20260901
0007000033,1,Paola,,Jaramillo,Moreno,,,2,20061104,ZCC,982477662,ZAFI,B,AF-000033,A,CO,BOG,11001,Avenida Ortega # 15-1 Este,paola.rodríguez78@ejemplo.test,3162130041:TIT:OWN:TIT,,,Y,Y,,,,,20260901
0007000034,1,Isabel,Martha,López,Camacho,,,2,19490924,ZCC,989277626,ZAFI,B,AF-000034,A,CO,CUN,25754,Diagonal 96 # 7-29,isabel.ortiz79@ejemplo.test,3190226834:TIT:OWN:TIT,,,Y,Y,,,,,20260901
0007000035,1,Alejandro,Daniel,Vásquez,Herrera,,,1,19930502,ZCC,929225726,ZAFI,A,AF-000035,A,CO,CUN,25754,Calle 81 # 30-27 Este,alejandro.ortega80@ejemplo.test,3364496551:TIT:OWN:TIT,,,Y,Y,,,,,20260901
0007000036,1,Christian,,Espitia,Castro,,,1,19530809,ZCC,918091439,ZAFI,A,AF-000036,A,CO,BOG,11001,Av. Jorge Alfonso Rojas Cárdenas # 5-72 Sur,christian.bermúdez82@ejemplo.test,3218143013:TIT:OWN:TIT,,,Y,Y,,,,,20260901
0007000037,1,Yesid,Jaime,Pulido,Fuentes,,,1,19420414,ZCC,926123576,ZAFI,C,AF-000037,A,CO,BOG,11001,Cl. 74 # 5-29 Este,yesid.álvarez83@ejemplo.test,3462083746:TIT:OWN:TIT,,,Y,Y,,,,,20260901
0007000038,1,José,Miguel,Rodríguez,Hernández,,,1,19820602,ZCE,911294737,ZAFI,B,AF-000038,A,CO,ANT,05001,Carrera 58 # 3-3 Este,josé.muñoz84@ejemplo.test,3098148118:TIT:OWN:TIT,,,Y,Y,,,,,20260901
0007000039,1,Luz,,Gómez,Velandia,,,2,20010831,ZCE,927759443,ZAFI,A,AF-000039,A,CO,BOG,11001,Carrera 54 # 7-37 Este,luz.reyes85@ejemplo.test,3326252947:TIT:OWN:TIT,,,Y,Y,,,,,20260901
0007000040,1,Sandra,,Rojas,Zuluaga,,,2,20030826,ZCC,987844735,ZAFI,A,AF-000040,A,CO,CUN,25754,Carrera 34R Bis U # 66-20 Sur,sandra.ramírez86@ejemplo.test,3013404301:TIT:OWN:TIT,,,Y,Y,,,,,20260901
0007000041,1,Adolfo,,López,González,,,1,19900402,ZCC,968817459,ZAFI,C,AF-000041,A,CO,ANT,05001,Carrera 22 # 95-3 Este,adolfo.cruz87@ejemplo.test,3329508446:TIT:OWN:TIT,,,Y,Y,,,,,20260901
0007000042,1,Carmen,Carmen,Sandoval,Córdoba,,,2,19411022,ZCC,970893977,ZAFI,C,AF-000042,A,CO,ANT,05001,Diagonal 90 # 2S-1 Este,carmen.vargas88@ejemplo.test,3210998609:TIT:OWN:TIT,,,Y,Y,,,,,20260901
0007000043,1,Teresa,,Montoya,Morales,,,2,19870924,ZCC,982197052,ZAFI,A,AF-000043,A,CO,CUN,25754,Cr. 10 # 1-34 Sur,teresa.lópez90@ejemplo.test,3239286720:TIT:OWN:TIT,,,Y,Y,,,,,20260901
0007000044,1,Nelsy,,Montes,Pérez,,,2,19881210,ZCC,929337746,ZAFI,B,AF-000044,A,CO,CUN,25754,Avenida calle 18 # 55-6,nelsy.reyes91@ejemplo.test,3180039711:TIT:OWN:TIT,,,Y,Y,,,,,20260901
0007000045,1,Alonso,Eduardo,González,Ramírez,,,1,19870322,ZCC,967923589,ZAFI,C,AF-000045,A,CO,CUN,25754,Cl. 110 Bis O # 53-2 Este,alonso.marín92@ejemplo.test,3094165212:TIT:OWN:TIT,,,Y,Y,,,,,20260901
0007000046,1,Andrés,,Márquez,Suárez,,,1,19730130,ZCC,995819304,ZAFI,A,AF-000046,A,CO,ANT,05001,Calle 179Y # 56-3 Este,andrés.díaz93@ejemplo.test,3426124505:TIT:OWN:TIT,,,Y,Y,,,,,20260901
0007000047,1,Juan,César,Patiño,Díaz,,,1,19670503,ZCC,967245672,ZAFI,A,AF-000047,A,CO,VAL,76001,Cr. 2ª # 72E-57 Sur,juan.narváez94@ejemplo.test,3334620271:TIT:OWN:TIT,,,Y,Y,,,,,20260901
0007000048,1,Milena,Johanna,González,Forero,,,2,20060407,ZCC,963926135,ZAFI,C,AF-000048,A,CO,ANT,05001,Avenida carrera 2ª # 8-7 Este,milena.jiménez95@ejemplo.test,3080579345:TIT:OWN:TIT,,,Y,Y,,,,,20260901
0007000049,1,Cecilia,Juana,Caicedo,Arboleda,,,2,19950328,ZPAS,986536056,ZAFI,B,AF-000049,A,CO,CUN,25754,Avenida Pinillos # 4R-19,cecilia.arias98@ejemplo.test,3249618997:TIT:OWN:TIT,,,Y,Y,,,,,20260901
0007000050,1,Óscar,Víctor,Cárdenas,Parra,,,1,19810919,ZCC,918804972,ZAFI,C,AF-000050,A,CO,BOG,11001,Carrera 43 # 6-2 Este,óscar.camargo99@ejemplo.test,3336889392:TIT:OWN:TIT,,,Y,Y,,,,,20260901
0007000051,1,Dario,Guillermo,Morales,Romero,,,1,20000824,ZCC,941597664,ZAFI,B,AF-000051,A,CO,BOG,11001,Cl. 20 # 6X-8 Sur,dario.castellanos100@ejemplo.test,3240253033:TIT:OWN:TIT,,,Y,Y,,,,,20260901
0007000052,1,Andrés,Pablo,Parra,Ríos,,,1,19490907,ZCC,985016170,ZAFI,B,AF-000052,A,CO,BOG,11001,Diagonal 98 # 9-36 Este,andrés.caicedo101@ejemplo.test,3076785264:TIT:OWN:TIT,,,Y,Y,,,,,20260901
0007000053,1,Alejandra,,Valencia,Rodríguez,,,2,19530608,ZCC,918109573,ZAFI,B,AF-000053,A,CO,CUN,25286,Cr. 141F Bis X # 3-40 Este,alejandra.beltrán102@ejemplo.test,3349950829:TIT:OWN:TIT,,,Y,Y,,,,,20260901
0007000054,1,Enrique,,Mena,Espinosa,,,1,19660402,ZCC,953106215,ZAFI,B,AF-000054,A,CO,ANT,05001,Avenida carrera 1ª # 2F-3 Sur,enrique.jaramillo103@ejemplo.test,3217168380:TIT:OWN:TIT,,,Y,Y,,,,,20260901
0007000055,1,Rocío,,Loaiza,Bohórquez,,,2,19631224,ZCC,986409605,ZAFI,B,AF-000055,A,CO,CUN,25286,Cl. 58 Bis # 83-5,rocío.acosta104@ejemplo.test,3193765669:TIT:OWN:TIT,,,Y,Y,,,,,20260901
0007000056,1,Andrés,,Vallejo,Niño,,,1,19950806,ZCC,930775127,ZAFI,C,AF-000056,A,CO,VAL,76001,Calle 7S # 6-2 Este,andrés.vera105@ejemplo.test,3381641694:TIT:OWN:TIT,,,Y,Y,,,,,20260901
0007000057,1,Lizeth,,Meneses,Aguirre,,,2,19440216,ZCC,912759718,ZAFI,C,AF-000057,A,CO,ANT,05001,Dg. 27 # 1-7,lizeth.patiño106@ejemplo.test,3499003945:TIT:OWN:TIT,,,Y,Y,,,,,20260901
0007000058,1,Yeison,Augusto,Hernández,Rincón,,,1,19970117,ZCC,931869845,ZAFI,B,AF-000058,A,CO,ANT,05001,Calle 14 # 5-4,yeison.ariza107@ejemplo.test,3090608677:TIT:OWN:TIT,,,Y,Y,,,,,20260901
0007000059,1,Kevin,Eliecer,Herrera,Bedoya,,,1,19530921,ZCC,960525899,ZAFI,C,AF-000059,A,CO,CUN,25754,Cr. 190 # 2-11 Este,kevin.suárez108@ejemplo.test,3071128507:TIT:OWN:TIT,,,Y,Y,,,,,20260901
0007000060,1,Cecilia,Inés,Contreras,Mosquera,,,2,19650107,ZCC,980528104,ZAFI,A,AF-000060,A,CO,VAL,76001,Calle 88 # 92-8 Este,cecilia.acosta109@ejemplo.test,3361572867:TIT:OWN:TIT,,,Y,Y,,,,,20260901
0007000061,1,José,Gilberto,Ocampo,Toro,,,1,19790104,ZCC,963100070,ZAFI,B,AF-000061,A,CO,VAL,76001,Carrera 132 # 23-23,josé.ruiz111@ejemplo.test,3010247085:TIT:OWN:TIT,,,Y,Y,,,,,20260901
0007000062,1,Héctor,,Hernández,García,,,1,19770203,ZCC,990348131,ZAFI,C,AF-000062,A,CO,ANT,05001,Transversal 159 # 78-5 Este,héctor.pedraza112@ejemplo.test,3421025565:TIT:OWN:TIT,,,Y,Y,,,,,20260901
0007000063,1,Iván,Carlos,Serrano,Medina,,,1,19720909,ZCC,983094344,ZAFI,B,AF-000063,A,CO,BOG,11001,Cl. 84 # 36-5,iván.lara114@ejemplo.test,3373421363:TIT:OWN:TIT,,,Y,Y,,,,,20260901
0007000064,1,Adolfo,,Cruz,Giraldo,,,1,19540530,ZPPT,995754974,ZAFI,C,AF-000064,A,CO,CUN,25286,Cr. 43Y # 89-20 Este,adolfo.calderón117@ejemplo.test,3366113075:TIT:OWN:TIT,,,Y,Y,,,,,20260901
0007000065,1,Samuel,,Correa,Martínez,,,1,20030729,ZCC,944234909,ZAFI,A,AF-000065,A,CO,CUN,25754,Cl. 7O # 9Y-4 Sur,samuel.castro119@ejemplo.test,3283345884:TIT:OWN:TIT,,,Y,Y,,,,,20260901
0007000066,1,Alfredo,,Bohórquez,Díaz,,,1,19560812,ZCC,974995556,ZAFI,B,AF-000066,A,CO,CUN,25754,Cr. 68 # 81-9,alfredo.medina121@ejemplo.test,3447507571:TIT:OWN:TIT,,,Y,Y,,,,,20260901
0007000067,1,Libia,,Vergara,Ramírez,,,2,19780305,ZCC,925364807,ZAFI,A,AF-000067,A,CO,ANT,05001,Calle 166D # 6-29,libia.quintero123@ejemplo.test,3365859326:TIT:OWN:TIT,,,Y,Y,,,,,20260901
0007000068,1,Ciro,,Alvarado,Osorio,,,1,19971105,ZCC,990143126,ZAFI,B,AF-000068,A,CO,VAL,76001,Cl. 3U # 65-5 Este,ciro.velásquez124@ejemplo.test,3389943078:TIT:OWN:TIT,,,Y,Y,,,,,20260901
0007000069,1,Carlos,Elkin,Castañeda,Rincón,,,1,19851103,ZCC,943030012,ZAFI,C,AF-000069,A,CO,CUN,25286,Calle 164Q # 9-73 Sur,carlos.jiménez125@ejemplo.test,3286326557:TIT:OWN:TIT,,,Y,Y,,,,,20260901
0007000070,1,Teresa,Isabel,Marín,Bastidas,,,2,20071009,ZCC,971802857,ZAFI,C,AF-000070,A,CO,CUN,25754,Cr. 3ª # 93-4,teresa.velásquez126@ejemplo.test,3292622333:TIT:OWN:TIT,,,Y,Y,,,,,20260901
0007000071,1,Karen,,Reyes,Quintero,,,2,19561225,ZCC,960712806,ZAFI,C,AF-000071,A,CO,VAL,76001,Calle 196 # 67-1 Sur,karen.muñoz128@ejemplo.test,3040971587:TIT:OWN:TIT,,,Y,Y,,,,,20260901
0007000072,1,Concepción,María,Suárez,Rojas,,,2,19510410,ZCC,936492047,ZAFI,A,AF-000072,A,CO,CUN,25754,Calle 8 Bis V # 5-52,concepción.bernal129@ejemplo.test,3421521395:TIT:OWN:TIT,,,Y,Y,,,,,20260901
0007000073,1,Nelly,,Rojas,Zambrano,,,2,20020125,ZCC,963687546,ZAFI,B,AF-000073,A,CO,VAL,76001,Carrera 5S Bis N # 80O-3,nelly.sánchez130@ejemplo.test,3174937242:TIT:OWN:TIT,,,Y,Y,,,,,20260901
0007000074,1,Carlos,,Muñoz,Cortés,,,1,19490430,ZCC,955019238,ZAFI,A,AF-000074,A,CO,CUN,25754,Calle 74 # 3-2,carlos.álvarez131@ejemplo.test,3023183455:TIT:OWN:TIT,,,Y,Y,,,,,20260901
0007000075,1,Fredy,Jorge,Paz,Guevara,,,1,19820317,ZCC,947777809,ZAFI,A,AF-000075,A,CO,CUN,25286,Cl. 8Q # 4-48,fredy.beltrán132@ejemplo.test,3272841027:TIT:OWN:TIT,,,Y,Y,,,,,20260901
0007000076,1,Paola,,Sánchez,Rincón,,,2,19520511,ZCC,938819809,ZAFI,B,AF-000076,A,CO,ANT,05001,Cr. 126 # 30O-60 Este,paola.suárez133@ejemplo.test,3271071198:TIT:OWN:TIT,,,Y,Y,,,,,20260901
0007000077,1,Milena,,Cardona,Arenas,,,2,19710319,ZCC,984193179,ZAFI,C,AF-000077,A,CO,VAL,76001,Calle 86M Este # 80-6 Sur,milena.díaz134@ejemplo.test,3166950317:TIT:OWN:TIT,,,Y,Y,,,,,20260901
0007000078,1,Verónica,,Pedraza,Contreras,,,2,19991210,ZCC,964114858,ZAFI,B,AF-000078,A,CO,CUN,25754,Calle 156 # 84-5 Este,verónica.chávez136@ejemplo.test,3050820934:TIT:OWN:TIT,,,Y,Y,,,,,20260901
0007000079,1,Sergio,Luis,Leal,Mendoza,,,1,19930308,ZCC,944013332,ZAFI,B,AF-000079,A,CO,VAL,76001,Av. carrera 8ª # 42Q-2,sergio.rodríguez137@ejemplo.test,3012454018:TIT:OWN:TIT,,,Y,Y,,,,,20260901
0007000080,1,Camilo,,López,Gómez,,,1,19940905,ZCC,917268324,ZAFI,B,AF-000080,A,CO,CUN,25754,Carrera 75Y Bis H # 55-2,camilo.ramírez138@ejemplo.test,3272127248:TIT:OWN:TIT,,,Y,Y,,,,,20260901
0007000081,1,María,Lucía,Montoya,Mena,,,2,19730513,ZCC,963815384,ZAFI,B,AF-000081,A,CO,CUN,25754,Calle 85 # 58-88,maría.muñoz139@ejemplo.test,3199855225:TIT:OWN:TIT,,,Y,Y,,,,,20260901
0007000082,1,Samir,Mauricio,Díaz,Vallejo,,,1,19831222,ZCC,982194037,ZAFI,B,AF-000082,A,CO,CUN,25754,Diagonal 6U Bis U # 5-1 Este,samir.morales140@ejemplo.test,3395644640:TIT:OWN:TIT,,,Y,Y,,,,,20260901
0007000083,1,Jenny,,Delgado,García,,,2,19840927,ZCC,954884476,ZAFI,C,AF-000083,A,CO,BOG,11001,Av. carrera 25 # 87-9,jenny.angarita141@ejemplo.test,3051282004:TIT:OWN:TIT,,,Y,Y,,,,,20260901
0007000084,1,Joaquín,Andrés,Camacho,Rodríguez,,,1,19730203,ZCC,979477513,ZAFI,C,AF-000084,A,CO,ANT,05001,Carrera 2Y # 98G-27,joaquín.cabrera142@ejemplo.test,3133738739:TIT:OWN:TIT,,,Y,Y,,,,,20260901
0007000085,1,Rafael,Jefferson,Mesa,González,,,1,19640109,ZCC,944204679,ZAFI,A,AF-000085,A,CO,CUN,25286,Cr. 2ª # 4-45 Sur,rafael.bravo143@ejemplo.test,3086900707:TIT:OWN:TIT,,,Y,Y,,,,,20260901
0007000086,1,Mauricio,,García,López,,,1,20031224,ZCC,921273840,ZAFI,A,AF-000086,A,CO,VAL,76001,Diagonal 55 # 28C-30 Sur,mauricio.mejía144@ejemplo.test,3088293802:TIT:OWN:TIT,,,Y,Y,,,,,20260901
0007000087,1,Elsa,Luz,Meneses,Camargo,,,2,19720913,ZPAS,943677491,ZAFI,C,AF-000087,A,CO,CUN,25286,Carrera 9ª # 52-35 Sur,elsa.vásquez145@ejemplo.test,3088972193:TIT:OWN:TIT,,,Y,Y,,,,,20260901
0007000088,1,Jhon,Rafael,Valencia,Becerra,,,1,19951123,ZCC,915825444,ZAFI,A,AF-000088,A,CO,CUN,25286,Cl. 172 # 6I-92 Este,jhon.sepúlveda147@ejemplo.test,3040672370:TIT:OWN:TIT,,,Y,Y,,,,,20260901
0007000089,1,Diego,Edwin,Rodríguez,García,,,1,19620427,ZCC,961431858,ZAFI,B,AF-000089,A,CO,BOG,11001,Calle 48 # 3-12 Sur,diego.salcedo149@ejemplo.test,3037165873:TIT:OWN:TIT,,,Y,Y,,,,,20260901
0007000090,1,Dary,María,Martínez,Martínez,,,2,19800429,ZCC,934099649,ZAFI,C,AF-000090,A,CO,BOG,11001,Cl. 75 # 5-3 Este,dary.rodríguez151@ejemplo.test,3251095695:TIT:OWN:TIT,,,Y,Y,,,,,20260901
0007000091,1,Jorge,Alberto,Torres,Bohórquez,,,1,19810722,ZCC,988394119,ZAFI,A,AF-000091,A,CO,CUN,25754,Avenida calle 161 # 3-7 Este,jorge.sarmiento152@ejemplo.test,3368332596:TIT:OWN:TIT,,,Y,Y,,,,,20260901
0007000092,1,María,,Ávila,Ávila,,,2,19420630,ZCC,983551473,ZAFI,B,AF-000092,A,CO,ANT,05001,Cr. 5Z # 50-41 Este,maría.moreno153@ejemplo.test,3162654753:TIT:OWN:TIT,,,Y,Y,,,,,20260901
0007000093,1,Ernesto,,González,Guerrero,,,1,19970522,ZCC,967336736,ZAFI,A,AF-000093,A,CO,CUN,25754,Calle 182 # 2-5,ernesto.mejía154@ejemplo.test,3257377906:TIT:OWN:TIT,,,Y,Y,,,,,20260901
0007000094,1,María,Aura,Jiménez,Sánchez,,,2,20070720,ZCC,947434564,ZAFI,C,AF-000094,A,CO,CUN,25286,Av. carrera 9ª # 5M-8 Este,maría.murcia155@ejemplo.test,3010019949:TIT:OWN:TIT,,,Y,Y,,,,,20260901
0007000095,1,Tania,,Carvajal,García,,,2,19860607,ZCC,923764593,ZAFI,C,AF-000095,A,CO,VAL,76001,Dg. 8ª # 6Q-3 Este,tania.ruiz159@ejemplo.test,3428040007:TIT:OWN:TIT,,,Y,Y,,,,,20260901
0007000096,1,Alveiro,Andrés,Murillo,Páez,,,1,19760205,ZCC,931652597,ZAFI,B,AF-000096,A,CO,BOG,11001,Cl. 5ª # 68M-3,alveiro.rojas161@ejemplo.test,3182575215:TIT:OWN:TIT,,,Y,Y,,,,,20260901
0007000097,1,Alcira,,Pérez,Jaramillo,,,2,19820802,ZCC,995341081,ZAFI,B,AF-000097,A,CO,CUN,25286,Avenida Viterbo # 8-6,alcira.jaimes162@ejemplo.test,3088258771:TIT:OWN:TIT,,,Y,Y,,,,,20260901
0007000098,1,Carmen,Deicy,Arenas,Obando,,,2,19830329,ZPPT,946836363,ZAFI,A,AF-000098,A,CO,CUN,25754,Cr. 2 Sur # 32-5 Este,carmen.jaimes164@ejemplo.test,3014792626:TIT:OWN:TIT,,,Y,Y,,,,,20260901
0007000099,1,Matilde,Lizeth,Rincón,Barragán,,,2,19611221,ZCE,959709457,ZAFI,A,AF-000099,A,CO,CUN,25286,Cr. 87 # 6-23 Sur,matilde.valderrama165@ejemplo.test,3483983588:TIT:OWN:TIT,,,Y,Y,,,,,20260901
0007000100,1,Jean,José,Cruz,Ortiz,,,1,19420723,ZCC,953726807,ZAFI,A,AF-000100,A,CO,CUN,25286,Cr. 185J Sur # 6-70,jean.meza166@ejemplo.test,3013223646:TIT:OWN:TIT,,,Y,Y,,,,,20260901
0007000101,1,Ángel,,Ríos,Camacho,,,1,19680628,ZCC,924970866,ZAFI,A,AF-000101,A,CO,CUN,25286,Carrera 48C # 60-3 Este,ángel.zambrano167@ejemplo.test,3380543537:TIT:OWN:TIT,,,Y,Y,,,,,20260901
0007000102,1,Omar,,Amaya,Serrano,,,1,19801029,ZCC,990037227,ZAFI,A,AF-000102,A,CO,ANT,05001,Av. carrera 94 # 6-5 Sur,omar.ariza168@ejemplo.test,3477009281:TIT:OWN:TIT,,,Y,Y,,,,,20260901
0007000103,1,Adriana,Margarita,Camargo,León,,,2,19750623,ZCC,972213087,ZAFI,B,AF-000103,A,CO,ANT,05001,Av. Córdoba # 65-13 Sur,adriana.osorio169@ejemplo.test,3472522260:TIT:OWN:TIT,,,Y,Y,,,,,20260901
0007000104,1,José,Edgar,Jaimes,Morales,,,1,19570713,ZCC,925833245,ZAFI,A,AF-000104,A,CO,CUN,25286,Cl. 56 # 99-7,josé.ortiz172@ejemplo.test,3447993698:TIT:OWN:TIT,,,Y,Y,,,,,20260901
0007000105,1,José,,Correa,Sierra,,,1,19830501,ZCC,917697623,ZAFI,C,AF-000105,A,CO,ANT,05001,Carrera 5ª # 93-3 Sur,josé.ortiz174@ejemplo.test,3355917273:TIT:OWN:TIT,,,Y,Y,,,,,20260901
0007000106,1,Luisa,Manuela,Lozano,Ocampo,,,2,19700907,ZCC,936371067,ZAFI,A,AF-000106,A,CO,CUN,25286,Cl. 130 # 43-4 Sur,luisa.soto175@ejemplo.test,3181409032:TIT:OWN:TIT,,,Y,Y,,,,,20260901
0007000107,1,Enrique,Andrés,Gómez,Díaz,,,1,19691213,ZCC,993516672,ZAFI,C,AF-000107,A,CO,ANT,05001,Carrera 190 # 2-53 Este,enrique.lópez176@ejemplo.test,3047149148:TIT:OWN:TIT,,,Y,Y,,,,,20260901
0007000108,1,Paola,Gloria,Peña,Gaviria,,,2,19600609,ZCC,970402733,ZAFI,C,AF-000108,A,CO,VAL,76001,Av. calle 174 # 3-41,paola.narváez178@ejemplo.test,3426996190:TIT:OWN:TIT,,,Y,Y,,,,,20260901
0007000109,1,Cecilia,María,Ochoa,Delgado,,,2,19430610,ZCC,959274136,ZAFI,C,AF-000109,A,CO,BOG,11001,Calle 75L Bis # 77-49 Este,cecilia.cortés179@ejemplo.test,3278854249:TIT:OWN:TIT,,,Y,Y,,,,,20260901
0007000110,1,María,,Hernández,Rojas,,,2,19830712,ZCC,941170537,ZAFI,B,AF-000110,A,CO,ANT,05001,Cr. 93 # 9X-51,maría.sánchez181@ejemplo.test,3025302589:TIT:OWN:TIT,,,Y,Y,,,,,20260901
0007000111,1,Eduardo,,Parra,González,,,1,19911007,ZCC,969630509,ZAFI,A,AF-000111,A,CO,VAL,76001,Carrera 69M Sur # 3C-48,eduardo.montoya182@ejemplo.test,3065624758:TIT:OWN:TIT,,,Y,Y,,,,,20260901
0007000112,1,Angie,,Londoño,Becerra,,,2,19490112,ZCC,982291656,ZAFI,B,AF-000112,A,CO,CUN,25286,Av. calle 1ª # 4-35 Este,angie.rubio183@ejemplo.test,3098481316:TIT:OWN:TIT,,,Y,Y,,,,,20260901
0007000113,1,Orlando,,Álvarez,Yepes,,,1,19900210,ZCC,955890795,ZAFI,C,AF-000113,A,CO,VAL,76001,Cr. 134 # 36-8 Sur,orlando.agudelo184@ejemplo.test,3282172085:TIT:OWN:TIT,,,Y,Y,,,,,20260901
0007000114,1,Daniela,Sofía,Bustamante,Castillo,,,2,20031215,ZCC,999184369,ZAFI,C,AF-000114,A,CO,BOG,11001,Cl. 2V # 89-5 Sur,daniela.orjuela185@ejemplo.test,3343456589:TIT:OWN:TIT,,,Y,Y,,,,,20260901
0007000115,1,Alexander,Javier,Jiménez,Gil,,,1,19710211,ZCC,932726945,ZAFI,A,AF-000115,A,CO,CUN,25754,Avenida Yury Pérez Hoyos # 61-81 Este,alexander.guzmán186@ejemplo.test,3232817392:TIT:OWN:TIT,,,Y,Y,,,,,20260901
0007000116,1,Javier,,Alzate,Jaramillo,,,1,19580606,ZCC,928730417,ZAFI,A,AF-000116,A,CO,ANT,05001,Av. calle 61 # 9-5 Este,javier.ríos188@ejemplo.test,3122844125:TIT:OWN:TIT,,,Y,Y,,,,,20260901
0007000117,1,Arley,Enrique,Ramos,Benítez,,,1,19970119,ZCC,927696113,ZAFI,B,AF-000117,A,CO,BOG,11001,Cl. 63 # 71-3 Este,arley.vargas189@ejemplo.test,3262142074:TIT:OWN:TIT,,,Y,Y,,,,,20260901
0007000118,1,Laura,,Andrade,Sánchez,,,2,19500317,ZCC,997206960,ZAFI,A,AF-000118,A,CO,ANT,05001,Cl. 172T Sur # 3Q-8,laura.vásquez190@ejemplo.test,3039441500:TIT:OWN:TIT,,,Y,Y,,,,,20260901
0007000119,1,Rafael,,Mejía,García,,,1,20010125,ZCC,920803048,ZAFI,B,AF-000119,A,CO,CUN,25754,Carrera 97O # 34-31 Este,rafael.torres191@ejemplo.test,3457776454:TIT:OWN:TIT,,,Y,Y,,,,,20260901
0007000120,1,Edilma,,Mora,Rodríguez,,,2,19780221,ZCC,914153065,ZAFI,B,AF-000120,A,CO,BOG,11001,Carrera 8ª # 94-9,edilma.rodríguez194@ejemplo.test,3160789113:TIT:OWN:TIT,,,Y,Y,,,,,20260901
0007000121,1,Mónica,Gloria,Rico,Rojas,,,2,19940418,ZCC,977901426,ZAFI,B,AF-000121,A,CO,BOG,11001,Cl. 114 # 4-20,mónica.suárez195@ejemplo.test,3181725098:TIT:OWN:TIT,,,Y,Y,,,,,20260901
0007000122,1,Roberto,,Ardila,Rueda,,,1,19491123,ZCC,910849995,ZAFI,A,AF-000122,A,CO,ANT,05001,Transversal 193J # 25-8,roberto.correa196@ejemplo.test,3323668975:TIT:OWN:TIT,,,Y,Y,,,,,20260901
0007000123,1,Clara,,Gómez,Ardila,,,2,19590731,ZCC,935751790,ZAFI,A,AF-000123,A,CO,CUN,25754,Cl. 71 # 2-2 Este,clara.bonilla199@ejemplo.test,3154910202:TIT:OWN:TIT,,,Y,Y,,,,,20260901
0007000124,1,Yolanda,,Beltrán,Cáceres,,,2,19850804,ZPAS,968388564,ZAFI,C,AF-000124,A,CO,CUN,25754,Cl. 23S Este # 2-27 Sur,yolanda.pedraza200@ejemplo.test,3292621495:TIT:OWN:TIT,,,Y,Y,,,,,20260901
0007000125,1,Alexandra,Mayerly,Mendoza,Posada,,,2,19580513,ZCC,928238050,ZAFI,B,AF-000125,A,CO,VAL,76001,Carrera 3ª # 7-9,alexandra.muñoz201@ejemplo.test,3438079878:TIT:OWN:TIT,,,Y,Y,,,,,20260901
0007000126,1,Alexander,David,Gómez,Melo,,,1,19651204,ZCC,951353072,ZAFI,B,AF-000126,A,CO,CUN,25286,Carrera 55 # 6-7 Este,alexander.mosquera202@ejemplo.test,3431175785:TIT:OWN:TIT,,,Y,Y,,,,,20260901
0007000127,1,Lucila,,Ortiz,Meneses,,,2,19940113,ZCC,916302890,ZAFI,B,AF-000127,A,CO,CUN,25754,Carrera 15 # 78-85 Este,lucila.díaz203@ejemplo.test,3077454442:TIT:OWN:TIT,,,Y,Y,,,,,20260901
0007000128,1,Angie,Judith,López,Angarita,,,2,19910610,ZCC,998069139,ZAFI,B,AF-000128,A,CO,CUN,25754,Cl. 125 # 2R-76,angie.hernández204@ejemplo.test,3247336771:TIT:OWN:TIT,,,Y,Y,,,,,20260901
0007000129,1,Jhon,Rafael,Mena,Castillo,,,1,20041229,ZCC,920271382,ZAFI,B,AF-000129,A,CO,BOG,11001,Calle 54 # 7-3,jhon.sierra206@ejemplo.test,3156995491:TIT:OWN:TIT,,,Y,Y,,,,,20260901
0007000130,1,Andrés,Miller,Ortiz,Molano,,,1,19460416,ZCC,995409049,ZAFI,A,AF-000130,A,CO,CUN,25754,Tr. 30 # 94-30,andrés.cabrera207@ejemplo.test,3087130296:TIT:OWN:TIT,,,Y,Y,,,,,20260901
0007000131,1,Rocío,Fabiola,Duque,Cano,,,2,19481006,ZCC,974887192,ZAFI,A,AF-000131,A,CO,BOG,11001,Carrera 118I # 5-1 Este,rocío.espinosa208@ejemplo.test,3057040397:TIT:OWN:TIT,,,Y,Y,,,,,20260901
0007000132,1,Eugenia,,Gutiérrez,Guerra,,,2,19531103,ZCC,914062142,ZAFI,C,AF-000132,A,CO,BOG,11001,Calle 93 # 30-1 Sur,eugenia.velásquez209@ejemplo.test,3371682907:TIT:OWN:TIT,,,Y,Y,,,,,20260901
0007000133,1,María,,Suárez,Cerón,,,2,19690514,ZPPT,938673682,ZAFI,B,AF-000133,A,CO,BOG,11001,Carrera 11F # 7-78 Este,maría.sarmiento210@ejemplo.test,3177093174:TIT:OWN:TIT,,,Y,Y,,,,,20260901
0007000134,1,Darwin,Julio,Moreno,Jiménez,,,1,19561223,ZCC,974176647,ZAFI,A,AF-000134,A,CO,VAL,76001,Calle 4 Bis # 62-2 Sur,darwin.montoya211@ejemplo.test,3344989714:TIT:OWN:TIT,,,Y,Y,,,,,20260901
0007000135,1,Beatriz,,Bustos,Gómez,,,2,19970907,ZCC,992673307,ZAFI,B,AF-000135,A,CO,CUN,25286,Calle 50O # 77-33 Sur,beatriz.giraldo214@ejemplo.test,3436690338:TIT:OWN:TIT,,,Y,Y,,,,,20260901
0007000136,1,Ángel,Marino,Herrera,Pérez,,,1,19510317,ZCE,936587764,ZAFI,C,AF-000136,A,CO,ANT,05001,Cl. 93G # 68-30 Este,ángel.bonilla215@ejemplo.test,3042486874:TIT:OWN:TIT,,,Y,Y,,,,,20260901
0007000137,1,María,,Cárdenas,López,,,2,20010623,ZCC,950469478,ZAFI,A,AF-000137,A,CO,CUN,25286,Cr. 8 Bis # 91U-42 Este,maría.velasco217@ejemplo.test,3365401806:TIT:OWN:TIT,,,Y,Y,,,,,20260901
0007000138,1,Samuel,Brayan,Giraldo,Bernal,,,1,19940114,ZCC,970224141,ZAFI,C,AF-000138,A,CO,CUN,25754,Cr. 1S Sur # 25-14 Este,samuel.erazo218@ejemplo.test,3422034910:TIT:OWN:TIT,,,Y,Y,,,,,20260901
0007000139,1,Aldemar,Luis,Ruiz,Vásquez,,,1,19541123,ZCC,940861807,ZAFI,A,AF-000139,A,CO,ANT,05001,Calle 8ª # 5H-18 Este,aldemar.hernández220@ejemplo.test,3117460258:TIT:OWN:TIT,,,Y,Y,,,,,20260901
0007000140,1,Natalia,Ester,Gaitán,Pedraza,,,2,19720210,ZCC,925692377,ZAFI,C,AF-000140,A,CO,CUN,25754,Diagonal 2ª # 99-48 Este,natalia.ortega222@ejemplo.test,3369134988:TIT:OWN:TIT,,,Y,Y,,,,,20260901
0007000141,1,Brayan,,Méndez,Hernández,,,1,19990202,ZCE,928389664,ZAFI,B,AF-000141,A,CO,VAL,76001,Av. calle 7ª # 24-9,brayan.peña223@ejemplo.test,3121567999:TIT:OWN:TIT,,,Y,Y,,,,,20260901
0007000142,1,Hernán,Isidro,Villamil,Giraldo,,,1,19960918,ZCC,984598877,ZAFI,B,AF-000142,A,CO,ANT,05001,Cr. 3ª # 54-8,hernán.flórez224@ejemplo.test,3465658002:TIT:OWN:TIT,,,Y,Y,,,,,20260901
0007000143,1,Andrés,,Martínez,Cruz,,,1,19800330,ZCC,944837093,ZAFI,A,AF-000143,A,CO,CUN,25754,Carrera 189 Bis N # 45-7 Este,andrés.cantillo225@ejemplo.test,3244197905:TIT:OWN:TIT,,,Y,Y,,,,,20260901
0007000144,1,Luis,Giovanny,Jiménez,González,,,1,20000412,ZCC,948454556,ZAFI,B,AF-000144,A,CO,BOG,11001,Carrera 124V # 4H-45,luis.arias226@ejemplo.test,3284775669:TIT:OWN:TIT,,,Y,Y,,,,,20260901
0007000145,1,Antonio,,Hurtado,Rodríguez,,,1,19650209,ZCC,982841107,ZAFI,C,AF-000145,A,CO,VAL,76001,Carrera 4ª # 38-6 Sur,antonio.alfonso227@ejemplo.test,3273009629:TIT:OWN:TIT,,,Y,Y,,,,,20260901
0007000146,1,José,,Ramírez,López,,,1,19450628,ZCC,954700684,ZAFI,B,AF-000146,A,CO,CUN,25286,Dg. 3ª # 78C-52 Sur,josé.rojas228@ejemplo.test,3296338340:TIT:OWN:TIT,,,Y,Y,,,,,20260901
0007000147,1,Claudia,,González,Cárdenas,,,2,19670621,ZCC,913585309,ZAFI,B,AF-000147,A,CO,CUN,25286,Avenida carrera 95 # 8-17 Sur,claudia.ospino229@ejemplo.test,3479688600:TIT:OWN:TIT,,,Y,Y,,,,,20260901
0007000148,1,Consuelo,Lucy,Ortiz,López,,,2,19630812,ZCC,974546069,ZAFI,B,AF-000148,A,CO,CUN,25754,Av. calle 2ª # 98B-8 Sur,consuelo.rivera230@ejemplo.test,3420629794:TIT:OWN:TIT,,,Y,Y,,,,,20260901
0007000149,1,Diego,David,Ríos,Perea,,,1,20070327,ZCC,971370781,ZAFI,A,AF-000149,A,CO,VAL,76001,Carrera 39 # 26-39 Este,diego.reyes231@ejemplo.test,3421191758:TIT:OWN:TIT,,,Y,Y,,,,,20260901
0007000150,1,Antonio,Estiven,Ramírez,Cortés,,,1,19500824,ZCC,941305210,ZAFI,B,AF-000150,A,CO,CUN,25286,Carrera 9E # 66-5,antonio.páez233@ejemplo.test,3172152859:TIT:OWN:TIT,,,Y,Y,,,,,20260901
0007000151,1,Sara,,Garcés,Vera,,,2,19970524,ZCC,962172140,ZAFI,C,AF-000151,A,CO,CUN,25754,Calle 90 # 59K-9 Sur,sara.rodríguez234@ejemplo.test,3245282897:TIT:OWN:TIT,,,Y,Y,,,,,20260901
0007000152,1,Ángel,Juan,Díaz,Barrera,,,1,20040116,ZCC,927811177,ZAFI,A,AF-000152,A,CO,CUN,25754,Cr. 187S # 8-9 Sur,ángel.gonzález239@ejemplo.test,3446658626:TIT:OWN:TIT,,,Y,Y,,,,,20260901
0007000153,1,Julián,Wilson,Caro,González,,,1,19401111,ZCC,936420477,ZAFI,A,AF-000153,A,CO,VAL,76001,Carrera 7ª # 42-1 Sur,julián.pacheco240@ejemplo.test,3128485572:TIT:OWN:TIT,,,Y,Y,,,,,20260901
0007000154,1,Adriana,Nelly,Pinzón,Acosta,,,2,20060213,ZCC,955034358,ZAFI,A,AF-000154,A,CO,VAL,76001,Calle 91H # 39-6,adriana.rodríguez241@ejemplo.test,3021633933:TIT:OWN:TIT,,,Y,Y,,,,,20260901
0007000155,1,Fernando,Alexis,Pérez,Díaz,,,1,20071224,ZCC,944433689,ZAFI,C,AF-000155,A,CO,ANT,05001,Carrera 29 # 2-3 Este,fernando.rodríguez242@ejemplo.test,3130186905:TIT:OWN:TIT,,,Y,Y,,,,,20260901
0007000156,1,Juan,Edgar,Escobar,Luna,,,1,20060411,ZCC,933224136,ZAFI,B,AF-000156,A,CO,ANT,05001,Avenida carrera 1ª # 6-9 Este,juan.morales243@ejemplo.test,3094037845:TIT:OWN:TIT,,,Y,Y,,,,,20260901
0007000157,1,Néstor,Mateo,Murillo,López,,,1,20010523,ZCC,925257223,ZAFI,B,AF-000157,A,CO,ANT,05001,Carrera 171 # 4-4,néstor.ojeda245@ejemplo.test,3359416463:TIT:OWN:TIT,,,Y,Y,,,,,20260901
0007000158,1,Lorena,Juliana,Ocampo,Bautista,,,2,19740709,ZCC,936905528,ZAFI,B,AF-000158,A,CO,CUN,25286,Cr. 95T # 9-4,lorena.arrieta246@ejemplo.test,3039813566:TIT:OWN:TIT,,,Y,Y,,,,,20260901
0007000159,1,María,Johanna,Franco,González,,,2,19950804,ZCC,992825485,ZAFI,B,AF-000159,A,CO,CUN,25754,Avenida Ruiz # 4-5 Sur,maría.pérez247@ejemplo.test,3034408346:TIT:OWN:TIT,,,Y,Y,,,,,20260901
0007000160,1,Carmenza,,Caballero,Pineda,,,2,19780807,ZCC,999565575,ZAFI,B,AF-000160,A,CO,VAL,76001,Diagonal 8 Sur # 5-49,carmenza.herrera248@ejemplo.test,3223201998:TIT:OWN:TIT,,,Y,Y,,,,,20260901
0007000161,1,José,Cristian,Morales,Gutiérrez,,,1,19790727,ZCC,968140908,ZAFI,B,AF-000161,A,CO,VAL,76001,Av. carrera 68 # 9-6 Este,josé.torres249@ejemplo.test,3272232464:TIT:OWN:TIT,,,Y,Y,,,,,20260901
0007000162,1,Edier,Andrés,Osorio,Rodríguez,,,1,19890813,ZCC,918798129,ZAFI,A,AF-000162,A,CO,CUN,25286,Avenida Milton Steven Escobar # 4-76 Este,edier.tovar250@ejemplo.test,3051843786:TIT:OWN:TIT,,,Y,Y,,,,,20260901
0007000163,1,Dario,David,Rodríguez,Rosero,,,1,19891011,ZCE,921993237,ZAFI,A,AF-000163,A,CO,VAL,76001,Cr. 83 # 2-18 Sur,dario.montes251@ejemplo.test,3346990314:TIT:OWN:TIT,,,Y,Y,,,,,20260901
0007000164,1,Francy,,Ordóñez,Gallego,,,2,19780301,ZPAS,936472220,ZAFI,A,AF-000164,A,CO,CUN,25286,Cl. 9ª # 51-55 Este,francy.castro252@ejemplo.test,3028654871:TIT:OWN:TIT,,,Y,Y,,,,,20260901
0007000165,1,Diana,,Monroy,Mejía,,,2,19960415,ZCC,922696283,ZAFI,A,AF-000165,A,CO,CUN,25754,Diagonal 142 # 2S-7 Este,diana.rueda253@ejemplo.test,3089595299:TIT:OWN:TIT,,,Y,Y,,,,,20260901
0007000166,1,Arnulfo,,López,Escobar,,,1,19460308,ZPPT,915045577,ZAFI,A,AF-000166,A,CO,CUN,25754,Av. calle 14 # 31K-4 Sur,arnulfo.aguirre254@ejemplo.test,3356745003:TIT:OWN:TIT,,,Y,Y,,,,,20260901
0007000167,1,Campo,,Rivera,Quintero,,,1,19780916,ZCC,910538009,ZAFI,C,AF-000167,A,CO,ANT,05001,Calle 91V # 1-63 Este,campo.muñoz255@ejemplo.test,3413730499:TIT:OWN:TIT,,,Y,Y,,,,,20260901
0007000168,1,Valentina,Cecilia,Moreno,Córdoba,,,2,19901205,ZCC,944254878,ZAFI,A,AF-000168,A,CO,ANT,05001,Calle 136 # 86-67 Sur,valentina.sarmiento256@ejemplo.test,3386966358:TIT:OWN:TIT,,,Y,Y,,,,,20260901
0007000169,1,Doris,Olga,Hurtado,García,,,2,19870823,ZCE,931257051,ZAFI,B,AF-000169,A,CO,CUN,25286,Av. calle 15 # 3-5,doris.mora258@ejemplo.test,3373430240:TIT:OWN:TIT,,,Y,Y,,,,,20260901
0007000170,1,Mauricio,Danilo,Mena,Gómez,,,1,19820421,ZPPT,948119233,ZAFI,C,AF-000170,A,CO,BOG,11001,Carrera 161 # 2-53,mauricio.vega259@ejemplo.test,3479463243:TIT:OWN:TIT,,,Y,Y,,,,,20260901
0007000171,1,Óscar,Wilmer,Daza,Blanco,,,1,19711129,ZCC,961985703,ZAFI,C,AF-000171,A,CO,CUN,25286,Transversal 67 Sur # 8-83,óscar.bustos260@ejemplo.test,3452098459:TIT:OWN:TIT,,,Y,Y,,,,,20260901
0007000172,1,Iván,David,Camacho,Gallego,,,1,19870816,ZCC,999904998,ZAFI,A,AF-000172,A,CO,ANT,05001,Calle 67 # 9-81 Sur,iván.bermúdez261@ejemplo.test,3124032130:TIT:OWN:TIT,,,Y,Y,,,,,20260901
0007000173,1,María,Alicia,Murillo,Ruiz,,,2,19920725,ZCC,973385534,ZAFI,C,AF-000173,A,CO,CUN,25286,Cl. 166X # 80-29,maría.narváez262@ejemplo.test,3070915601:TIT:OWN:TIT,,,Y,Y,,,,,20260901
0007000174,1,Fernanda,,Agudelo,Jiménez,,,2,19690324,ZCC,965792389,ZAFI,B,AF-000174,A,CO,VAL,76001,Carrera 7ª # 28-91 Este,fernanda.lópez264@ejemplo.test,3490279015:TIT:OWN:TIT,,,Y,Y,,,,,20260901
0007000175,1,Pablo,Gabriel,Hernández,Rubio,,,1,19860713,ZCC,980118110,ZAFI,B,AF-000175,A,CO,VAL,76001,Carrera 107 # 77C-6,pablo.olaya265@ejemplo.test,3375761115:TIT:OWN:TIT,,,Y,Y,,,,,20260901
0007000176,1,Jhoan,Danny,Hoyos,Jaimes,,,1,19910204,ZCC,943529538,ZAFI,C,AF-000176,A,CO,ANT,05001,Diagonal 5Z # 84-30 Sur,jhoan.garcía266@ejemplo.test,3452892206:TIT:OWN:TIT,,,Y,Y,,,,,20260901
0007000177,1,Eliecer,Omar,López,Gutiérrez,,,1,19410405,ZCC,956214249,ZAFI,B,AF-000177,A,CO,BOG,11001,Transversal 75 # 19V-84 Sur,eliecer.ruiz268@ejemplo.test,3341324218:TIT:OWN:TIT,,,Y,Y,,,,,20260901
0007000178,1,Andrés,,Agudelo,Benítez,,,1,19531002,ZCC,981558079,ZAFI,C,AF-000178,A,CO,ANT,05001,Cl. 130S Sur # 21-88 Este,andrés.meza269@ejemplo.test,3217675326:TIT:OWN:TIT,,,Y,Y,,,,,20260901
0007000179,1,Andrés,,León,Álvarez,,,1,19630426,ZCC,988697255,ZAFI,B,AF-000179,A,CO,CUN,25286,Avenida calle 51 # 1H-7 Este,andrés.aguilar271@ejemplo.test,3065864727:TIT:OWN:TIT,,,Y,Y,,,,,20260901
0007000180,1,María,,Camacho,Romero,,,2,19891022,ZCE,937073348,ZAFI,B,AF-000180,A,CO,CUN,25286,Av. Valle del Cauca # 5-4 Sur,maría.hernández272@ejemplo.test,3452931732:TIT:OWN:TIT,,,Y,Y,,,,,20260901
0007000181,1,José,Jairo,Fonseca,Pérez,,,1,20021204,ZCC,920432629,ZAFI,A,AF-000181,A,CO,BOG,11001,Av. Leidy Rodríguez # 99-66,josé.guerrero273@ejemplo.test,3138809365:TIT:OWN:TIT,,,Y,Y,,,,,20260901
0007000182,1,Antonio,,Arias,Ardila,,,1,20000205,ZCC,988798953,ZAFI,B,AF-000182,A,CO,CUN,25286,Av. Julián Juan Rojas # 4-55 Sur,antonio.rodríguez274@ejemplo.test,3338382327:TIT:OWN:TIT,,,Y,Y,,,,,20260901
0007000183,1,Hernando,Jorge,Orjuela,Castro,,,1,19860823,ZCC,928663544,ZAFI,A,AF-000183,A,CO,CUN,25286,Calle 9ª # 9-8,hernando.rincón275@ejemplo.test,3062757151:TIT:OWN:TIT,,,Y,Y,,,,,20260901
0007000184,1,Angélica,María,Álvarez,Contreras,,,2,19781205,ZCC,996900215,ZAFI,C,AF-000184,A,CO,ANT,05001,Cl. 101 # 94-92 Este,angélica.martínez276@ejemplo.test,3159288404:TIT:OWN:TIT,,,Y,Y,,,,,20260901
0007000185,1,Lucía,,Delgado,Quintero,,,2,20001018,ZCC,990077126,ZAFI,A,AF-000185,A,CO,ANT,05001,Carrera 7ª # 4J-83 Este,lucía.castro279@ejemplo.test,3180908591:TIT:OWN:TIT,,,Y,Y,,,,,20260901
0007000186,1,Julieth,,Arias,Morales,,,2,19840101,ZCC,982582902,ZAFI,A,AF-000186,A,CO,CUN,25286,Dg. 122 # 9-6,julieth.luna281@ejemplo.test,3116790535:TIT:OWN:TIT,,,Y,Y,,,,,20260901
0007000187,1,Liliana,Beatriz,Garzón,Valencia,,,2,19821026,ZCE,937585100,ZAFI,A,AF-000187,A,CO,VAL,76001,Av. Ortiz # 6-2 Sur,liliana.barrera282@ejemplo.test,3139154851:TIT:OWN:TIT,,,Y,Y,,,,,20260901
0007000188,1,Liseth,Yolanda,Sánchez,Fajardo,,,2,19980903,ZCC,923001073,ZAFI,B,AF-000188,A,CO,ANT,05001,Av. Vargas # 2-3 Sur,liseth.lópez283@ejemplo.test,3371406236:TIT:OWN:TIT,,,Y,Y,,,,,20260901
0007000189,1,Natalia,,Pinzón,Cuéllar,,,2,20030511,ZCC,948862314,ZAFI,B,AF-000189,A,CO,BOG,11001,Calle 40 # 64-8 Sur,natalia.ibarra284@ejemplo.test,3113837820:TIT:OWN:TIT,,,Y,Y,,,,,20260901
0007000190,1,José,Diego,Rodríguez,Torres,,,1,20020823,ZCC,944364194,ZAFI,C,AF-000190,A,CO,BOG,11001,Avenida Calderón # 7Q-87,josé.valencia285@ejemplo.test,3299316918:TIT:OWN:TIT,,,Y,Y,,,,,20260901
0007000191,1,William,,Restrepo,Silva,,,1,19411226,ZCC,956772301,ZAFI,A,AF-000191,A,CO,ANT,05001,Calle 98R # 1-2 Este,william.montes288@ejemplo.test,3257006594:TIT:OWN:TIT,,,Y,Y,,,,,20260901
0007000192,1,Elena,,Rojas,Bustamante,,,2,19491209,ZCC,946994768,ZAFI,C,AF-000192,A,CO,CUN,25754,Dg. 8ª # 9-4,elena.márquez289@ejemplo.test,3240103939:TIT:OWN:TIT,,,Y,Y,,,,,20260901
0007000193,1,Alexander,,Mercado,Vásquez,,,1,19970708,ZCC,920386299,ZAFI,B,AF-000193,A,CO,ANT,05001,Calle 184 # 2-8 Sur,alexander.valencia291@ejemplo.test,3171122672:TIT:OWN:TIT,,,Y,Y,,,,,20260901
0007000194,1,Hernán,Luis,Hernández,Martínez,,,1,19461108,ZCC,980499363,ZAFI,B,AF-000194,A,CO,ANT,05001,Carrera 6ª # 68-90,hernán.leal292@ejemplo.test,3084572449:TIT:OWN:TIT,,,Y,Y,,,,,20260901
0007000195,1,Diana,Candelaria,Quintero,Guerrero,,,2,19880228,ZCC,964354844,ZAFI,C,AF-000195,A,CO,VAL,76001,Carrera 1ª # 7-4,diana.bermúdez293@ejemplo.test,3316879465:TIT:OWN:TIT,,,Y,Y,,,,,20260901
0007000196,1,Xiomara,,Jaramillo,Rojas,,,2,19981207,ZPPT,916045097,ZAFI,B,AF-000196,A,CO,ANT,05001,Cl. 45 # 42-7 Sur,xiomara.fuentes294@ejemplo.test,3485456554:TIT:OWN:TIT,,,Y,Y,,,,,20260901
0007000197,1,Adriana,,Durán,Arboleda,,,2,19840901,ZCC,941342348,ZAFI,C,AF-000197,A,CO,CUN,25286,Av. Betania # 1-92 Sur,adriana.herrera295@ejemplo.test,3189053841:TIT:OWN:TIT,,,Y,Y,,,,,20260901
0007000198,1,Jhon,David,González,Cardona,,,1,19540310,ZCC,950616156,ZAFI,B,AF-000198,A,CO,ANT,05001,Avenida carrera 8ª # 1-4 Este,jhon.torres296@ejemplo.test,3310471555:TIT:OWN:TIT,,,Y,Y,,,,,20260901
0007000199,1,Marlén,,Lozano,Álvarez,,,2,19470419,ZCC,964132201,ZAFI,B,AF-000199,A,CO,ANT,05001,Av. calle 6ª # 4-11 Este,marlén.parada297@ejemplo.test,3330305958:TIT:OWN:TIT,,,Y,Y,,,,,20260901
0007000200,1,Luz,,Mejía,Villamil,,,2,19970104,ZCE,945019149,ZAFI,A,AF-000200,A,CO,CUN,25754,Cl. 55 Sur # 1-82 Sur,luz.garzón298@ejemplo.test,3353337976:TIT:OWN:TIT,,,Y,Y,,,,,20260901
0007000201,1,María,María,Gutiérrez,Trujillo,,,2,19700313,ZCC,984545834,ZAFI,B,AF-000201,A,CO,VAL,76001,Cl. 50D # 69-75 Sur,maría.garcía299@ejemplo.test,3132759013:TIT:OWN:TIT,,,Y,Y,,,,,20260901
0007000202,1,Esther,,Ramos,Carmona,,,2,19920805,ZCC,953073489,ZAFI,B,AF-000202,A,CO,BOG,11001,Cr. 164C # 2-29 Este,esther.sánchez300@ejemplo.test,3387673110:TIT:OWN:TIT,,,Y,Y,,,,,20260901
0007000203,1,Flor,Marta,Pedraza,Parra,,,2,20021228,ZCE,916864207,ZAFI,A,AF-000203,A,CO,ANT,05001,Av. calle 170 # 6-19 Este,flor.burbano302@ejemplo.test,3156109913:TIT:OWN:TIT,,,Y,Y,,,,,20260901
0007000204,1,Milena,,Hoyos,Pérez,,,2,19970318,ZCC,946992358,ZAFI,A,AF-000204,A,CO,VAL,76001,Carrera 46U # 56-3,milena.hernández303@ejemplo.test,3454702610:TIT:OWN:TIT,,,Y,Y,,,,,20260901
0007000205,1,Miguel,Cristian,Arias,Oviedo,,,1,19830522,ZCC,947204733,ZAFI,B,AF-000205,A,CO,CUN,25754,Cr. 143B # 52-7,miguel.guerra304@ejemplo.test,3341439309:TIT:OWN:TIT,,,Y,Y,,,,,20260901
0007000206,1,Luz,Gloria,Torres,Santos,,,2,19981121,ZCC,968564038,ZAFI,C,AF-000206,A,CO,VAL,76001,Carrera 11 # 5-6 Este,luz.sierra305@ejemplo.test,3165815450:TIT:OWN:TIT,,,Y,Y,,,,,20260901
0007000207,1,Fernanda,,Arroyo,Galeano,,,2,19880323,ZCC,962398989,ZAFI,A,AF-000207,A,CO,CUN,25754,Calle 86 Bis Z # 5-50 Sur,fernanda.garcía306@ejemplo.test,3413269475:TIT:OWN:TIT,,,Y,Y,,,,,20260901
0007000208,1,Edwin,Daniel,Rodríguez,Sánchez,,,1,19500128,ZCC,996400843,ZAFI,B,AF-000208,A,CO,CUN,25286,Carrera 35V # 13-6,edwin.rincón308@ejemplo.test,3090322600:TIT:OWN:TIT,,,Y,Y,,,,,20260901
0007000209,1,Fernando,,Ramos,Vanegas,,,1,19990119,ZCC,916214695,ZAFI,C,AF-000209,A,CO,CUN,25286,Calle 141 Bis B # 80-18,fernando.méndez309@ejemplo.test,3143651758:TIT:OWN:TIT,,,Y,Y,,,,,20260901
0007000210,1,Giovanny,,Pérez,Lozano,,,1,19651017,ZCC,937149129,ZAFI,A,AF-000210,A,CO,BOG,11001,Carrera 6ª # 1-7,giovanny.gonzález311@ejemplo.test,3365833986:TIT:OWN:TIT,,,Y,Y,,,,,20260901
0007000211,1,Adela,Yuliana,Castro,Parada,,,2,19930129,ZCC,977776709,ZAFI,B,AF-000211,A,CO,ANT,05001,Av. carrera 1ª # 44-5,adela.gonzález312@ejemplo.test,3059645343:TIT:OWN:TIT,,,Y,Y,,,,,20260901
0007000212,1,Fredy,,Saavedra,González,,,1,19460719,ZCC,977561462,ZAFI,A,AF-000212,A,CO,CUN,25286,Carrera 2ª # 1-89 Sur,fredy.martínez313@ejemplo.test,3437388387:TIT:OWN:TIT,,,Y,Y,,,,,20260901
0007000213,1,Maira,Paola,Ortiz,Ortiz,,,2,19950607,ZCC,972482580,ZAFI,C,AF-000213,A,CO,CUN,25754,Cl. 7U # 3-5 Este,maira.ceballos314@ejemplo.test,3118420598:TIT:OWN:TIT,,,Y,Y,,,,,20260901
0007000214,1,Eduardo,,Paz,León,,,1,19691211,ZCC,995662144,ZAFI,B,AF-000214,A,CO,BOG,11001,Transversal 67 # 81-79 Sur,eduardo.serrano316@ejemplo.test,3218875243:TIT:OWN:TIT,,,Y,Y,,,,,20260901
0007000215,1,Patricia,Juana,Narváez,Sánchez,,,2,19640310,ZCC,931666395,ZAFI,A,AF-000215,A,CO,CUN,25286,Cr. 52 # 2B-31 Sur,patricia.granados317@ejemplo.test,3361610083:TIT:OWN:TIT,,,Y,Y,,,,,20260901
0007000216,1,María,Eliana,Quiroga,Obando,,,2,19830130,ZPAS,923424046,ZAFI,B,AF-000216,A,CO,CUN,25754,Carrera 120O # 68Z-3 Sur,maría.vera318@ejemplo.test,3020763635:TIT:OWN:TIT,,,Y,Y,,,,,20260901
0007000217,1,Olga,,Domínguez,Sierra,,,2,19580429,ZCC,913983927,ZAFI,B,AF-000217,A,CO,BOG,11001,Avenida Buriticá # 8-73 Sur,olga.giraldo319@ejemplo.test,3092082601:TIT:OWN:TIT,,,Y,Y,,,,,20260901
0007000218,1,Jesús,,Gaitán,Fuentes,,,1,19921029,ZCC,923497815,ZAFI,B,AF-000218,A,CO,ANT,05001,Cr. 124 # 69-71 Sur,jesús.cáceres320@ejemplo.test,3092443604:TIT:OWN:TIT,,,Y,Y,,,,,20260901
0007000219,1,José,,Caicedo,Ramos,,,1,19420327,ZCC,942849986,ZAFI,B,AF-000219,A,CO,VAL,76001,Calle 108V # 2-90,josé.gamboa321@ejemplo.test,3125081056:TIT:OWN:TIT,,,Y,Y,,,,,20260901
0007000220,1,Silvia,,Toro,Romero,,,2,19990802,ZCC,968786420,ZAFI,A,AF-000220,A,CO,VAL,76001,Avenida Macanal # 34-36 Este,silvia.guerrero322@ejemplo.test,3280553309:TIT:OWN:TIT,,,Y,Y,,,,,20260901
0007000221,1,Lucía,,Vargas,Arias,,,2,19510831,ZCC,962274449,ZAFI,B,AF-000221,A,CO,BOG,11001,Transversal 110 # 85-11 Este,lucía.bermúdez323@ejemplo.test,3416039051:TIT:OWN:TIT,,,Y,Y,,,,,20260901
0007000222,1,Beatriz,Lucía,Álvarez,Nieto,,,2,19590907,ZCC,957869991,ZAFI,A,AF-000222,A,CO,VAL,76001,Cl. 55 # 81-1 Este,beatriz.bermúdez324@ejemplo.test,3452719885:TIT:OWN:TIT,,,Y,Y,,,,,20260901
0007000223,1,Marcela,,Garzón,Rodríguez,,,2,19700830,ZCC,961902849,ZAFI,C,AF-000223,A,CO,CUN,25286,Cl. 9ª # 9-3 Sur,marcela.mercado325@ejemplo.test,3469797514:TIT:OWN:TIT,,,Y,Y,,,,,20260901
0007000224,1,Harold,,Pérez,Sánchez,,,1,19410424,ZCC,985049782,ZAFI,C,AF-000224,A,CO,CUN,25754,Av. Moreno # 1-2 Este,harold.rincón327@ejemplo.test,3422674559:TIT:OWN:TIT,,,Y,Y,,,,,20260901
0007000225,1,Guillermo,,Villamizar,Ortega,,,1,19730514,ZCC,954568735,ZAFI,B,AF-000225,A,CO,CUN,25286,Cl. 79 # 9-92 Sur,guillermo.lópez328@ejemplo.test,3460709995:TIT:OWN:TIT,,,Y,Y,,,,,20260901
0007000226,1,Manuel,Carlos,Valencia,Hernández,,,1,20080320,ZCC,994884664,ZAFI,B,AF-000226,A,CO,BOG,11001,Cl. 38 # 4-46 Este,manuel.soto329@ejemplo.test,3084654463:TIT:OWN:TIT,,,Y,Y,,,,,20260901
0007000227,1,Alberto,,García,Ardila,,,1,19570223,ZCC,920693492,ZAFI,B,AF-000227,A,CO,CUN,25286,Dg. 97 # 71-5,alberto.castellanos331@ejemplo.test,3047872818:TIT:OWN:TIT,,,Y,Y,,,,,20260901
0007000228,1,Leidy,Libia,González,Ortiz,,,2,19540705,ZCC,940277157,ZAFI,C,AF-000228,A,CO,ANT,05001,Carrera 133 # 11V-69,leidy.sánchez332@ejemplo.test,3223844575:TIT:OWN:TIT,,,Y,Y,,,,,20260901
0007000229,1,Arnulfo,Alexander,Fuentes,Ospino,,,1,20080618,ZCC,910645967,ZAFI,A,AF-000229,A,CO,CUN,25286,Avenida Sucre # 6-7 Sur,arnulfo.mosquera333@ejemplo.test,3435050883:TIT:OWN:TIT,,,Y,Y,,,,,20260901
0007000230,1,Blanca,Leidy,Yepes,Benavides,,,2,20020307,ZCC,955838242,ZAFI,A,AF-000230,A,CO,CUN,25286,Carrera 45N # 3-67 Sur,blanca.salcedo335@ejemplo.test,3423938931:TIT:OWN:TIT,,,Y,Y,,,,,20260901
0007000231,1,Angélica,María,Garzón,Ríos,,,2,19681103,ZPPT,997192411,ZAFI,B,AF-000231,A,CO,CUN,25286,Carrera 1 Bis C # 2-2,angélica.rodríguez337@ejemplo.test,3188752388:TIT:OWN:TIT,,,Y,Y,,,,,20260901
0007000232,1,Paola,Astrid,Ortega,Mena,,,2,20060416,ZPAS,961806872,ZAFI,B,AF-000232,A,CO,VAL,76001,Cl. 96 # 6-7 Sur,paola.martínez338@ejemplo.test,3394435299:TIT:OWN:TIT,,,Y,Y,,,,,20260901
0007000233,1,Jhon,Horacio,Carvajal,Camargo,,,1,19780426,ZCC,917140822,ZAFI,A,AF-000233,A,CO,VAL,76001,Cr. 100 # 1F-2,jhon.camargo339@ejemplo.test,3174432010:TIT:OWN:TIT,,,Y,Y,,,,,20260901
0007000234,1,Carmen,Lucía,Agudelo,Tamayo,,,2,19740812,ZCC,980091618,ZAFI,C,AF-000234,A,CO,BOG,11001,Tr. 68 # 44-4 Este,carmen.peña341@ejemplo.test,3032425935:TIT:OWN:TIT,,,Y,Y,,,,,20260901
0007000235,1,Mary,Beatriz,Gaviria,Amaya,,,2,19930829,ZCC,926491899,ZAFI,C,AF-000235,A,CO,CUN,25286,Cr. 103W # 1-7,mary.acosta342@ejemplo.test,3394295508:TIT:OWN:TIT,,,Y,Y,,,,,20260901
0007000236,1,Juan,Eduardo,Ocampo,Salazar,,,1,19970629,ZCC,972291496,ZAFI,A,AF-000236,A,CO,ANT,05001,Avenida carrera 164 # 9-7,juan.pabón343@ejemplo.test,3323034181:TIT:OWN:TIT,,,Y,Y,,,,,20260901
0007000237,1,Jhon,Diego,Ruiz,Ordóñez,,,1,19570511,ZCC,914068381,ZAFI,B,AF-000237,A,CO,VAL,76001,Av. Vargas # 2-6,jhon.cuéllar344@ejemplo.test,3377873707:TIT:OWN:TIT,,,Y,Y,,,,,20260901
0007000238,1,Camilo,Arturo,Vega,Suárez,,,1,19500916,ZCC,974353795,ZAFI,B,AF-000238,A,CO,ANT,05001,Calle 171 # 39-4,camilo.toro345@ejemplo.test,3162237951:TIT:OWN:TIT,,,Y,Y,,,,,20260901
0007000239,1,Hugo,Kevin,Ávila,Duarte,,,1,19411104,ZCC,927863101,ZAFI,B,AF-000239,A,CO,CUN,25286,Carrera 18E # 69-5,hugo.vélez347@ejemplo.test,3447668891:TIT:OWN:TIT,,,Y,Y,,,,,20260901
0007000240,1,Nora,,Ríos,Pérez,,,2,19780129,ZCC,971217449,ZAFI,C,AF-000240,A,CO,VAL,76001,Avenida calle 37 # 8-7 Este,nora.castillo349@ejemplo.test,3124120172:TIT:OWN:TIT,,,Y,Y,,,,,20260901
0007000241,1,Jesús,Julián,Trujillo,Torres,,,1,19650324,ZCC,931379713,ZAFI,C,AF-000241,A,CO,BOG,11001,Carrera 85 # 33-5 Este,jesús.gonzález350@ejemplo.test,3478370755:TIT:OWN:TIT,,,Y,Y,,,,,20260901
0007000242,1,Samuel,Iván,Sepúlveda,Pulido,,,1,19690408,ZCC,997966127,ZAFI,C,AF-000242,A,CO,VAL,76001,Carrera 96D # 2-8 Sur,samuel.osorio352@ejemplo.test,3413575170:TIT:OWN:TIT,,,Y,Y,,,,,20260901
0007000243,1,Fernando,,Patiño,Silva,,,1,19790505,ZCC,956427328,ZAFI,A,AF-000243,A,CO,CUN,25754,Cr. 65 # 22-3,fernando.restrepo354@ejemplo.test,3081874757:TIT:OWN:TIT,,,Y,Y,,,,,20260901
0007000244,1,Ximena,,Álvarez,Morales,,,2,20041017,ZCC,927750288,ZAFI,C,AF-000244,A,CO,ANT,05001,Diagonal 22O # 6-3 Este,ximena.martínez356@ejemplo.test,3119064048:TIT:OWN:TIT,,,Y,Y,,,,,20260901
0007000245,1,Jhon,,Pineda,Mejía,,,1,19531202,ZCC,919491486,ZAFI,B,AF-000245,A,CO,CUN,25286,Diagonal 4I # 7Q-1,jhon.orjuela357@ejemplo.test,3162501506:TIT:OWN:TIT,,,Y,Y,,,,,20260901
0007000246,1,Eder,Gerardo,Lozano,Hurtado,,,1,20080427,ZCC,940640121,ZAFI,A,AF-000246,A,CO,BOG,11001,Carrera 7ª # 8-9 Este,eder.rivera358@ejemplo.test,3483631115:TIT:OWN:TIT,,,Y,Y,,,,,20260901
0007000247,1,Marco,,Molina,Rangel,,,1,19891105,ZCC,965658894,ZAFI,B,AF-000247,A,CO,ANT,05001,Avenida carrera 2ª # 9-44 Sur,marco.sánchez359@ejemplo.test,3260345783:TIT:OWN:TIT,,,Y,Y,,,,,20260901
0007000248,1,Stella,,Manrique,Pérez,,,2,19961005,ZCC,963195345,ZAFI,B,AF-000248,A,CO,BOG,11001,Tr. 161 Este # 83-1 Sur,stella.melo360@ejemplo.test,3326407866:TIT:OWN:TIT,,,Y,Y,,,,,20260901
0007000249,1,María,María,Bautista,Ayala,,,2,19641112,ZCC,976403270,ZAFI,C,AF-000249,A,CO,VAL,76001,Cr. 26 # 4-5 Sur,maría.mercado361@ejemplo.test,3244265754:TIT:OWN:TIT,,,Y,Y,,,,,20260901
0007000250,1,Catalina,Andrea,Castro,Rodríguez,,,2,19910829,ZCC,994979365,ZAFI,C,AF-000250,A,CO,CUN,25286,Dg. 51K Este # 84-4,catalina.sanabria362@ejemplo.test,3459950787:TIT:OWN:TIT,,,Y,Y,,,,,20260901
0007000251,1,María,,Leal,Palacio,,,2,19460227,ZCC,987367630,ZAFI,C,AF-000251,A,CO,VAL,76001,Dg. 31 # 4B-6,maría.zambrano363@ejemplo.test,3357668941:TIT:OWN:TIT,,,Y,Y,,,,,20260901
0007000252,1,Javier,Maicol,Fuentes,Garcés,,,1,19961030,ZCC,959663437,ZAFI,C,AF-000252,A,CO,BOG,11001,Calle 111Y Bis A # 69-3 Sur,javier.ramírez364@ejemplo.test,3067477803:TIT:OWN:TIT,,,Y,Y,,,,,20260901
0007000253,1,Harold,Carlos,Silva,Beltrán,,,1,19800410,ZCC,931017651,ZAFI,C,AF-000253,A,CO,ANT,05001,Cr. 80 # 77-4,harold.cuéllar365@ejemplo.test,3227413634:TIT:OWN:TIT,,,Y,Y,,,,,20260901
0007000254,1,Miguel,Juan,Granados,Páez,,,1,20050829,ZCC,972485452,ZAFI,C,AF-000254,A,CO,ANT,05001,Dg. 77 # 93-2 Sur,miguel.alzate366@ejemplo.test,3281970291:TIT:OWN:TIT,,,Y,Y,,,,,20260901
0007000255,1,Carlos,,González,Duque,,,1,19991002,ZCC,931175071,ZAFI,B,AF-000255,A,CO,VAL,76001,Carrera 4ª # 28U-11,carlos.sánchez368@ejemplo.test,3347094564:TIT:OWN:TIT,,,Y,Y,,,,,20260901
0007000256,1,Dolly,María,Ortiz,Jaimes,,,2,19471023,ZCC,968118642,ZAFI,C,AF-000256,A,CO,CUN,25286,Avenida carrera 76 # 83-1 Este,dolly.castro370@ejemplo.test,3054161356:TIT:OWN:TIT,,,Y,Y,,,,,20260901
0007000257,1,Edith,Sandra,Garcés,Zapata,,,2,19810808,ZCE,981826866,ZAFI,B,AF-000257,A,CO,BOG,11001,Transversal 130L Bis E # 6-3 Este,edith.agudelo371@ejemplo.test,3485937807:TIT:OWN:TIT,,,Y,Y,,,,,20260901
0007000258,1,Gloria,Cecilia,López,Bohórquez,,,2,19791221,ZCC,975556590,ZAFI,B,AF-000258,A,CO,CUN,25754,Cr. 22 # 1V-55 Este,gloria.barrios372@ejemplo.test,3035931533:TIT:OWN:TIT,,,Y,Y,,,,,20260901
0007000259,1,María,Daniela,Estrada,Reyes,,,2,19860729,ZCC,927108087,ZAFI,C,AF-000259,A,CO,BOG,11001,Cl. 8ª # 85-76 Este,maría.bejarano373@ejemplo.test,3331883336:TIT:OWN:TIT,,,Y,Y,,,,,20260901
0007000260,1,María,,Manrique,Martínez,,,2,19590525,ZCC,971736831,ZAFI,A,AF-000260,A,CO,CUN,25286,Avenida calle 140 # 2M-4 Este,maría.sánchez374@ejemplo.test,3184142856:TIT:OWN:TIT,,,Y,Y,,,,,20260901
0007000261,1,Iván,,Mena,Rodríguez,,,1,19690103,ZCC,942644299,ZAFI,A,AF-000261,A,CO,CUN,25754,Av. carrera 171 # 86-92 Este,iván.campo375@ejemplo.test,3176261107:TIT:OWN:TIT,,,Y,Y,,,,,20260901
0007000262,1,Heriberto,Germán,Puentes,Velásquez,,,1,19691205,ZCC,930904368,ZAFI,C,AF-000262,A,CO,BOG,11001,Diagonal 19J # 1-4 Sur,heriberto.pineda376@ejemplo.test,3473971328:TIT:OWN:TIT,,,Y,Y,,,,,20260901
0007000263,1,Julián,,Fuentes,Cardona,,,1,19630518,ZCC,974736604,ZAFI,A,AF-000263,A,CO,ANT,05001,Av. calle 89 # 81-29 Sur,julián.gómez377@ejemplo.test,3210885383:TIT:OWN:TIT,,,Y,Y,,,,,20260901
0007000264,1,Alberto,Cristian,Peña,Díaz,,,1,19930828,ZCC,982738719,ZAFI,B,AF-000264,A,CO,VAL,76001,Carrera 23 # 6-7,alberto.mejía378@ejemplo.test,3288762153:TIT:OWN:TIT,,,Y,Y,,,,,20260901
0007000265,1,Patricia,Lucía,Mora,Sánchez,,,2,19740212,ZCC,919383507,ZAFI,C,AF-000265,A,CO,BOG,11001,Cl. 79 # 11-5,patricia.benavides379@ejemplo.test,3083890162:TIT:OWN:TIT,,,Y,Y,,,,,20260901
0007000266,1,Gustavo,,Burbano,Ramos,,,1,19581206,ZCE,954565820,ZAFI,A,AF-000266,A,CO,BOG,11001,Cr. 2ª # 9-9,gustavo.rivera380@ejemplo.test,3115337285:TIT:OWN:TIT,,,Y,Y,,,,,20260901
0007000267,1,Armando,,Pineda,Calderón,,,1,19720502,ZCC,927071886,ZAFI,C,AF-000267,A,CO,ANT,05001,Transversal 52 # 5U-29 Este,armando.molina382@ejemplo.test,3133992293:TIT:OWN:TIT,,,Y,Y,,,,,20260901
0007000268,1,Enrique,,Guerra,Ramos,,,1,19640731,ZCC,944820112,ZAFI,B,AF-000268,A,CO,VAL,76001,Avenida Támesis # 6-8,enrique.orozco384@ejemplo.test,3149004443:TIT:OWN:TIT,,,Y,Y,,,,,20260901
0007000269,1,Felipe,,Quiroga,Díaz,,,1,19421230,ZCC,934641019,ZAFI,B,AF-000269,A,CO,VAL,76001,Tr. 35 # 33L-6 Sur,felipe.vanegas385@ejemplo.test,3495037141:TIT:OWN:TIT,,,Y,Y,,,,,20260901
0007000270,1,Fabio,Daniel,Delgado,Rodríguez,,,1,19991007,ZCC,973980884,ZAFI,C,AF-000270,A,CO,VAL,76001,Calle 3S # 88-62,fabio.montoya386@ejemplo.test,3077180673:TIT:OWN:TIT,,,Y,Y,,,,,20260901
0007000271,1,Dayana,Mónica,Portilla,Velásquez,,,2,19850804,ZCC,914492061,ZAFI,A,AF-000271,A,CO,CUN,25286,Cl. 32 # 6-54,dayana.vergara387@ejemplo.test,3376980019:TIT:OWN:TIT,,,Y,Y,,,,,20260901
0007000272,1,Paula,Carmen,Rodríguez,Páez,,,2,19890607,ZCC,948854566,ZAFI,B,AF-000272,A,CO,BOG,11001,Cr. 18 # 40-3 Sur,paula.torres388@ejemplo.test,3369414146:TIT:OWN:TIT,,,Y,Y,,,,,20260901
0007000273,1,Lina,,Ávila,Zapata,,,2,19941016,ZCC,939776447,ZAFI,A,AF-000273,A,CO,ANT,05001,Calle 16E # 49-1,lina.vásquez389@ejemplo.test,3080329535:TIT:OWN:TIT,,,Y,Y,,,,,20260901
0007000274,1,Rafael,,Rodríguez,Barreto,,,1,19880401,ZCC,995112097,ZAFI,C,AF-000274,A,CO,ANT,05001,Cl. 188 Este # 1-8 Este,rafael.ceballos390@ejemplo.test,3165812208:TIT:OWN:TIT,,,Y,Y,,,,,20260901
0007000275,1,Javier,Alex,Gamboa,Gutiérrez,,,1,19620317,ZCC,925394604,ZAFI,C,AF-000275,A,CO,VAL,76001,Avenida carrera 107 # 70-4 Sur,javier.portilla391@ejemplo.test,3170335251:TIT:OWN:TIT,,,Y,Y,,,,,20260901
0007000276,1,Julián,Andrés,Sánchez,Osorio,,,1,19850525,ZCC,971455638,ZAFI,B,AF-000276,A,CO,VAL,76001,Cl. 58 # 41-42,julián.valencia392@ejemplo.test,3359229577:TIT:OWN:TIT,,,Y,Y,,,,,20260901
0007000277,1,Ana,,Ortega,Londoño,,,2,20060620,ZPAS,980390085,ZAFI,A,AF-000277,A,CO,CUN,25286,Cr. 70 # 91-1 Este,ana.sánchez393@ejemplo.test,3499049844:TIT:OWN:TIT,,,Y,Y,,,,,20260901
0007000278,1,Camila,,Martínez,Pardo,,,2,19800614,ZCC,930122273,ZAFI,C,AF-000278,A,CO,VAL,76001,Av. Quintero # 70-1 Sur,camila.mejía394@ejemplo.test,3352823661:TIT:OWN:TIT,,,Y,Y,,,,,20260901
0007000279,1,Elena,Andrea,Cifuentes,Rodríguez,,,2,19820526,ZCC,975249642,ZAFI,B,AF-000279,A,CO,VAL,76001,Av. calle 198 # 9Q-6 Sur,elena.rentería396@ejemplo.test,3448406216:TIT:OWN:TIT,,,Y,Y,,,,,20260901
0007000280,1,Luis,,González,Solano,,,1,19931116,ZCC,993054500,ZAFI,C,AF-000280,A,CO,BOG,11001,Transversal 78F # 44-1 Sur,luis.parra397@ejemplo.test,3439667425:TIT:OWN:TIT,,,Y,Y,,,,,20260901
0007000281,1,Eder,Fernando,Acosta,Hernández,,,1,19981026,ZCE,932900764,ZAFI,C,AF-000281,A,CO,CUN,25754,Cl. 10J # 5-76 Sur,eder.valencia398@ejemplo.test,3052984028:TIT:OWN:TIT,,,Y,Y,,,,,20260901
0007000282,1,Ricardo,,López,Contreras,,,1,19761016,ZCC,964348754,ZAFI,C,AF-000282,A,CO,CUN,25754,Transversal 7S # 3-2 Este,ricardo.uribe399@ejemplo.test,3093941336:TIT:OWN:TIT,,,Y,Y,,,,,20260901
0007000283,1,Yadira,Natalia,Arango,Ceballos,,,2,19440928,ZCC,970062783,ZAFI,C,AF-000283,A,CO,BOG,11001,Calle 59 Bis P # 37-54,yadira.salcedo400@ejemplo.test,3210281695:TIT:OWN:TIT,,,Y,Y,,,,,20260901
0007000284,1,María,Yeny,Durán,Rodríguez,,,2,20030919,ZCC,959148054,ZAFI,B,AF-000284,A,CO,VAL,76001,Avenida Ciénaga de Oro # 3Q-97 Este,maría.hurtado401@ejemplo.test,3239600170:TIT:OWN:TIT,,,Y,Y,,,,,20260901
0007000285,1,Katherin,Mariela,Betancur,Gamboa,,,2,19431116,ZCC,920468307,ZAFI,A,AF-000285,A,CO,ANT,05001,Dg. 74 # 3Z-42,katherin.guerrero402@ejemplo.test,3067776714:TIT:OWN:TIT,,,Y,Y,,,,,20260901
0007000286,1,Patricia,Oliva,García,Forero,,,2,19670812,ZCC,917872706,ZAFI,C,AF-000286,A,CO,VAL,76001,Diagonal 1R # 14-8 Este,patricia.ortega403@ejemplo.test,3260801978:TIT:OWN:TIT,,,Y,Y,,,,,20260901
0007000287,1,Roberto,,Valencia,Hernández,,,1,19551020,ZCC,962829215,ZAFI,A,AF-000287,A,CO,ANT,05001,Cl. 198A # 37S-72 Sur,roberto.guerrero404@ejemplo.test,3017038934:TIT:OWN:TIT,,,Y,Y,,,,,20260901
0007000288,1,Eider,,Gutiérrez,Contreras,,,1,19900212,ZCC,973009371,ZAFI,A,AF-000288,A,CO,ANT,05001,Cl. 1ª # 81-15,eider.figueroa405@ejemplo.test,3284181544:TIT:OWN:TIT,,,Y,Y,,,,,20260901
0007000289,1,Alberto,Jorge,Castaño,Quintero,,,1,19490905,ZCC,911927596,ZAFI,B,AF-000289,A,CO,CUN,25286,Av. carrera 119 # 53-1 Este,alberto.figueroa406@ejemplo.test,3354559875:TIT:OWN:TIT,,,Y,Y,,,,,20260901
0007000290,1,Ángel,Orlando,Durán,Orjuela,,,1,19680315,ZCC,986929405,ZAFI,C,AF-000290,A,CO,VAL,76001,Av. calle 71 # 1-25 Sur,ángel.morales411@ejemplo.test,3328125991:TIT:OWN:TIT,,,Y,Y,,,,,20260901
0007000291,1,Miguel,,Vega,Ojeda,,,1,19550222,ZCC,959795909,ZAFI,C,AF-000291,A,CO,CUN,25754,Avenida calle 5ª # 6-6 Este,miguel.soto412@ejemplo.test,3389696154:TIT:OWN:TIT,,,Y,Y,,,,,20260901
0007000292,1,Adriana,Sofía,Ramírez,Durán,,,2,20080812,ZCC,957840816,ZAFI,B,AF-000292,A,CO,VAL,76001,Cl. 38 # 23F-5,adriana.gutiérrez415@ejemplo.test,3034180918:TIT:OWN:TIT,,,Y,Y,,,,,20260901
0007000293,1,Francisco,,Mendoza,Murillo,,,1,19431011,ZCE,927998707,ZAFI,B,AF-000293,A,CO,BOG,11001,Carrera 64 # 8-26 Este,francisco.garcía420@ejemplo.test,3394976485:TIT:OWN:TIT,,,Y,Y,,,,,20260901
0007000294,1,Janeth,Isabel,Pérez,Díaz,,,2,19750310,ZCC,918094794,ZAFI,B,AF-000294,A,CO,VAL,76001,Dg. 161 # 18-6 Sur,janeth.romero422@ejemplo.test,3472715566:TIT:OWN:TIT,,,Y,Y,,,,,20260901
0007000295,1,Daniel,Osvaldo,Rivera,Rodríguez,,,1,19820502,ZCC,948919091,ZAFI,C,AF-000295,A,CO,ANT,05001,Carrera 188A # 5-15 Este,daniel.martínez423@ejemplo.test,3489403440:TIT:OWN:TIT,,,Y,Y,,,,,20260901
0007000296,1,Rosa,Juliana,Rodríguez,Álvarez,,,2,19740204,ZCC,968897462,ZAFI,C,AF-000296,A,CO,VAL,76001,Cr. 13 # 81-86 Sur,rosa.lozano424@ejemplo.test,3167656666:TIT:OWN:TIT,,,Y,Y,,,,,20260901
0007000297,1,Consuelo,,Medina,Hernández,,,2,19710708,ZCC,967896176,ZAFI,A,AF-000297,A,CO,BOG,11001,Carrera 65 # 6-80 Este,consuelo.delgado425@ejemplo.test,3261986809:TIT:OWN:TIT,,,Y,Y,,,,,20260901
0007000298,1,Camilo,Fabián,Ramírez,Gómez,,,1,19770716,ZCC,970327938,ZAFI,C,AF-000298,A,CO,CUN,25754,Carrera 14H # 87-2 Este,camilo.daza426@ejemplo.test,3398321699:TIT:OWN:TIT,,,Y,Y,,,,,20260901
0007000299,1,Diego,,Muñoz,Riascos,,,1,19990109,ZCC,960213187,ZAFI,B,AF-000299,A,CO,CUN,25754,Cr. 32 # 22-3,diego.cruz427@ejemplo.test,3183261357:TIT:OWN:TIT,,,Y,Y,,,,,20260901
0007000300,1,Yuri,,Méndez,González,,,2,19681017,ZCC,947219144,ZAFI,B,AF-000300,A,CO,VAL,76001,Av. Guaviare # 9-56 Este,yuri.bermúdez430@ejemplo.test,3322502372:TIT:OWN:TIT,,,Y,Y,,,,,20260901
0007000301,1,Nidia,María,Estrada,Galvis,,,2,19940130,ZCE,963304293,ZAFI,B,AF-000301,A,CO,CUN,25286,Calle 132 # 80-8 Sur,nidia.daza431@ejemplo.test,3089811960:TIT:OWN:TIT,,,Y,Y,,,,,20260901
0007000302,1,Deicy,Blanca,Moreno,Gaitán,,,2,19650902,ZCC,951536503,ZAFI,A,AF-000302,A,CO,VAL,76001,Calle 6 Sur # 1-18 Sur,deicy.garcía432@ejemplo.test,3437574761:TIT:OWN:TIT,,,Y,Y,,,,,20260901
0007000303,1,David,Juan,Silva,Pérez,,,1,19540817,ZCC,924970804,ZAFI,C,AF-000303,A,CO,VAL,76001,Cl. 78 # 42-7 Este,david.márquez433@ejemplo.test,3398185038:TIT:OWN:TIT,,,Y,Y,,,,,20260901
0007000304,1,Inés,,Cuesta,Polo,,,2,19880204,ZCC,926541578,ZAFI,C,AF-000304,A,CO,CUN,25286,Dg. 82A # 37-9 Sur,inés.arrieta434@ejemplo.test,3156153403:TIT:OWN:TIT,,,Y,Y,,,,,20260901
0007000305,1,Ramón,Julio,Bravo,Gutiérrez,,,1,19780803,ZCC,929689530,ZAFI,B,AF-000305,A,CO,VAL,76001,Avenida calle 9ª # 2D-6 Sur,ramón.mosquera435@ejemplo.test,3292359028:TIT:OWN:TIT,,,Y,Y,,,,,20260901
0007000306,1,Emma,María,Rodríguez,Palacios,,,2,19910706,ZPPT,935301663,ZAFI,C,AF-000306,A,CO,CUN,25286,Calle 23 # 66-42 Este,emma.pérez437@ejemplo.test,3147932453:TIT:OWN:TIT,,,Y,Y,,,,,20260901
0007000307,1,Óscar,Luis,Orozco,Pacheco,,,1,19470131,ZCC,933280976,ZAFI,B,AF-000307,A,CO,CUN,25286,Carrera 7ª # 3Y-1 Sur,óscar.rosero438@ejemplo.test,3368614081:TIT:OWN:TIT,,,Y,Y,,,,,20260901
0007000308,1,Rocío,Doris,Jiménez,Orozco,,,2,19880316,ZCC,946728684,ZAFI,A,AF-000308,A,CO,BOG,11001,Avenida David Robinson Leal Cardona # 72-79,rocío.rodríguez440@ejemplo.test,3497521112:TIT:OWN:TIT,,,Y,Y,,,,,20260901
0007000309,1,Claudia,Ángela,Castrillón,Pérez,,,2,19851031,ZCC,995718504,ZAFI,A,AF-000309,A,CO,ANT,05001,Carrera 8ª # 9-5 Este,claudia.gómez441@ejemplo.test,3242784834:TIT:OWN:TIT,,,Y,Y,,,,,20260901
0007000310,1,María,,García,Zapata,,,2,20020425,ZCC,947065100,ZAFI,C,AF-000310,A,CO,CUN,25286,Cr. 78 # 4Z-6 Sur,maría.erazo442@ejemplo.test,3176191826:TIT:OWN:TIT,,,Y,Y,,,,,20260901
0007000311,1,Fabiola,Isabel,Valencia,Arboleda,,,2,20030516,ZCC,978502003,ZAFI,C,AF-000311,A,CO,ANT,05001,Cr. 169U # 2-1,fabiola.castillo443@ejemplo.test,3326459762:TIT:OWN:TIT,,,Y,Y,,,,,20260901
0007000312,1,Yesid,Aldemar,Soto,Hurtado,,,1,19791227,ZCE,944323333,ZAFI,A,AF-000312,A,CO,CUN,25754,Tr. 45J # 17-94,yesid.morales444@ejemplo.test,3311031954:TIT:OWN:TIT,,,Y,Y,,,,,20260901
0007000313,1,Andrés,,Ortiz,Sierra,,,1,19710713,ZCE,979704975,ZAFI,B,AF-000313,A,CO,VAL,76001,Cr. 128 Sur # 23-94 Sur,andrés.gonzález445@ejemplo.test,3481426909:TIT:OWN:TIT,,,Y,Y,,,,,20260901
0007000314,1,Hernando,Cristian,Becerra,Ruiz,,,1,19911003,ZCC,956602296,ZAFI,A,AF-000314,A,CO,CUN,25754,Cr. 35 # 2-9 Este,hernando.perea446@ejemplo.test,3084626716:TIT:OWN:TIT,,,Y,Y,,,,,20260901
0007000315,1,Jesús,Luis,Cárdenas,Sánchez,,,1,19450428,ZCC,988622471,ZAFI,C,AF-000315,A,CO,BOG,11001,Calle 1Y Bis # 25-15,jesús.cuesta447@ejemplo.test,3282935015:TIT:OWN:TIT,,,Y,Y,,,,,20260901
0007000316,1,Andrés,José,Ortiz,Cardona,,,1,19490127,ZCC,995392661,ZAFI,C,AF-000316,A,CO,ANT,05001,Cr. 121 # 8-8 Este,andrés.medina448@ejemplo.test,3216919627:TIT:OWN:TIT,,,Y,Y,,,,,20260901
0007000317,1,Lizeth,Alejandra,Ceballos,Gómez,,,2,19460417,ZCC,914883333,ZAFI,B,AF-000317,A,CO,ANT,05001,Tr. 93 # 26-7,lizeth.torres449@ejemplo.test,3482425887:TIT:OWN:TIT,,,Y,Y,,,,,20260901
0007000318,1,Alba,,García,Hernández,,,2,19690605,ZCC,970844379,ZAFI,B,AF-000318,A,CO,CUN,25754,Calle 38K Bis X # 5-60 Este,alba.prieto450@ejemplo.test,3357770919:TIT:OWN:TIT,,,Y,Y,,,,,20260901
0007000319,1,Luz,,Mendoza,Valencia,,,2,19751107,ZCC,916351001,ZAFI,A,AF-000319,A,CO,CUN,25286,Diagonal 2Y # 7-31 Este,luz.córdoba451@ejemplo.test,3059186080:TIT:OWN:TIT,,,Y,Y,,,,,20260901
0007000320,1,Marina,,Hurtado,Triana,,,2,19911007,ZCC,961326500,ZAFI,C,AF-000320,A,CO,CUN,25286,Calle 187W # 3-1 Este,marina.villa452@ejemplo.test,3259261812:TIT:OWN:TIT,,,Y,Y,,,,,20260901
0007000321,1,Alejandra,,Velandia,Cuéllar,,,2,19540426,ZCC,928554206,ZAFI,C,AF-000321,A,CO,ANT,05001,Cr. 56 # 5-9,alejandra.ocampo453@ejemplo.test,3147947511:TIT:OWN:TIT,,,Y,Y,,,,,20260901
0007000322,1,Beatriz,Heidy,Cortés,Cortés,,,2,19420419,ZCC,967556329,ZAFI,B,AF-000322,A,CO,CUN,25286,Calle 7ª # 5-24,beatriz.gómez454@ejemplo.test,3346282950:TIT:OWN:TIT,,,Y,Y,,,,,20260901
0007000323,1,Pablo,Carlos,Mejía,López,,,1,19970407,ZCC,930375960,ZAFI,B,AF-000323,A,CO,VAL,76001,Cl. 8ª # 3-23 Este,pablo.lópez455@ejemplo.test,3122549654:TIT:OWN:TIT,,,Y,Y,,,,,20260901
0007000324,1,John,Óscar,Sierra,Caballero,,,1,19900805,ZCC,946580268,ZAFI,C,AF-000324,A,CO,ANT,05001,Calle 7ª # 5-54 Este,john.díaz456@ejemplo.test,3411090296:TIT:OWN:TIT,,,Y,Y,,,,,20260901
0007000325,1,Linda,Elena,Pérez,Gómez,,,2,19570918,ZCC,954387102,ZAFI,A,AF-000325,A,CO,CUN,25286,Tr. 19 # 81-4,linda.torres458@ejemplo.test,3491403136:TIT:OWN:TIT,,,Y,Y,,,,,20260901
0007000326,1,Blanca,Paola,Monsalve,Díaz,,,2,19950410,ZPPT,972358721,ZAFI,A,AF-000326,A,CO,VAL,76001,Tr. 60 # 30E-5 Este,blanca.gómez459@ejemplo.test,3145265577:TIT:OWN:TIT,,,Y,Y,,,,,20260901
0007000327,1,David,José,Cuéllar,Mendoza,,,1,19800917,ZCC,950083419,ZAFI,C,AF-000327,A,CO,VAL,76001,Dg. 71 # 94-8,david.bejarano460@ejemplo.test,3346674204:TIT:OWN:TIT,,,Y,Y,,,,,20260901
0007000328,1,Mayra,María,Pacheco,Salamanca,,,2,19680916,ZCE,927351753,ZAFI,B,AF-000328,A,CO,CUN,25286,Calle 16 # 97Q-6,mayra.duque461@ejemplo.test,3033848756:TIT:OWN:TIT,,,Y,Y,,,,,20260901
0007000329,1,Luz,Myriam,Hernández,Gómez,,,2,20041102,ZCC,921824428,ZAFI,B,AF-000329,A,CO,BOG,11001,Cl. 140 # 38K-9,luz.mendoza463@ejemplo.test,3477237933:TIT:OWN:TIT,,,Y,Y,,,,,20260901
0007000330,1,Mauricio,Elías,Martínez,Andrade,,,1,20070727,ZCC,961793689,ZAFI,A,AF-000330,A,CO,VAL,76001,Cr. 98 # 16-50,mauricio.lozano464@ejemplo.test,3130356077:TIT:OWN:TIT,,,Y,Y,,,,,20260901
0007000331,1,Juan,Alonso,Salas,Lozano,,,1,19551029,ZCC,981293174,ZAFI,C,AF-000331,A,CO,ANT,05001,Cr. 30 # 9-51 Sur,juan.toro466@ejemplo.test,3252751312:TIT:OWN:TIT,,,Y,Y,,,,,20260901
0007000332,1,Erika,Diana,Bohórquez,Gómez,,,2,19670205,ZCC,985138734,ZAFI,A,AF-000332,A,CO,ANT,05001,Dg. 114 # 72-6,erika.galvis467@ejemplo.test,3221879533:TIT:OWN:TIT,,,Y,Y,,,,,20260901
0007000333,1,Jean,Alfonso,Acosta,Escobar,,,1,19751020,ZCC,927856331,ZAFI,C,AF-000333,A,CO,VAL,76001,Cr. 12 Bis R # 74N-31,jean.meneses468@ejemplo.test,3068986734:TIT:OWN:TIT,,,Y,Y,,,,,20260901
0007000334,1,Luz,Enith,Bermúdez,Valencia,,,2,19550324,ZCC,965637029,ZAFI,C,AF-000334,A,CO,CUN,25286,Cl. 171E # 13-6 Este,luz.espinosa469@ejemplo.test,3412281053:TIT:OWN:TIT,,,Y,Y,,,,,20260901
0007000335,1,Claudia,,Galvis,Acosta,,,2,19900615,ZCC,954482930,ZAFI,B,AF-000335,A,CO,VAL,76001,Carrera 20 # 5X-96 Este,claudia.guerrero470@ejemplo.test,3066394974:TIT:OWN:TIT,,,Y,Y,,,,,20260901
0007000336,1,Johana,,Márquez,Buitrago,,,2,19990105,ZCC,916303450,ZAFI,C,AF-000336,A,CO,VAL,76001,Carrera 78 # 35-5 Sur,johana.cortés471@ejemplo.test,3166149224:TIT:OWN:TIT,,,Y,Y,,,,,20260901
0007000337,1,Yeison,José,Domínguez,Guerra,,,1,20071201,ZCC,932324601,ZAFI,B,AF-000337,A,CO,ANT,05001,Av. carrera 55 # 55-1 Este,yeison.rojas472@ejemplo.test,3325662314:TIT:OWN:TIT,,,Y,Y,,,,,20260901
0007000338,1,Marlon,Edwar,Giraldo,Arias,,,1,20070405,ZCC,985354518,ZAFI,C,AF-000338,A,CO,BOG,11001,Av. carrera 72 # 4-36 Sur,marlon.castro474@ejemplo.test,3261838204:TIT:OWN:TIT,,,Y,Y,,,,,20260901
0007000339,1,Miguel,Arley,Gutiérrez,González,,,1,20071124,ZCC,981490824,ZAFI,A,AF-000339,A,CO,CUN,25754,Avenida carrera 16 # 28-89,miguel.narváez476@ejemplo.test,3291126424:TIT:OWN:TIT,,,Y,Y,,,,,20260901
0007000340,1,Fabián,Ángel,Vargas,Jiménez,,,1,19930328,ZCC,933370507,ZAFI,B,AF-000340,A,CO,VAL,76001,Calle 1Y # 70-50,fabián.suárez478@ejemplo.test,3090971274:TIT:OWN:TIT,,,Y,Y,,,,,20260901
0007000341,1,María,Cecilia,Rodríguez,Vargas,,,2,19860830,ZCC,993411040,ZAFI,C,AF-000341,A,CO,CUN,25754,Calle 71J # 7V-5 Sur,maría.ospina479@ejemplo.test,3096521519:TIT:OWN:TIT,,,Y,Y,,,,,20260901
0007000342,1,Blanca,Myriam,Barreto,Ávila,,,2,20001203,ZCC,990749282,ZAFI,C,AF-000342,A,CO,CUN,25286,Calle 10 # 3E-9 Este,blanca.castro480@ejemplo.test,3256246368:TIT:OWN:TIT,,,Y,Y,,,,,20260901
0007000343,1,Orlando,,Hernández,Vargas,,,1,19721010,ZCC,967866264,ZAFI,B,AF-000343,A,CO,CUN,25754,Carrera 6ª # 20-76 Sur,orlando.castañeda483@ejemplo.test,3359469805:TIT:OWN:TIT,,,Y,Y,,,,,20260901
0007000344,1,Alba,Patricia,Ayala,Soto,,,2,19490107,ZCC,915732268,ZAFI,A,AF-000344,A,CO,VAL,76001,Cl. 60 # 8-72 Este,alba.guerra487@ejemplo.test,3235483941:TIT:OWN:TIT,,,Y,Y,,,,,20260901
0007000345,1,Juan,Jesús,Barrios,Meneses,,,1,19690220,ZCC,957607118,ZAFI,C,AF-000345,A,CO,CUN,25286,Calle 47 # 7-1 Sur,juan.cortés488@ejemplo.test,3240194755:TIT:OWN:TIT,,,Y,Y,,,,,20260901
0007000346,1,William,,Moreno,Rodríguez,,,1,19451001,ZCC,919731686,ZAFI,A,AF-000346,A,CO,CUN,25754,Carrera 171 # 8-82 Este,william.torres489@ejemplo.test,3032880955:TIT:OWN:TIT,,,Y,Y,,,,,20260901
0007000347,1,Esperanza,Mercedes,Zapata,Martínez,,,2,19530908,ZPPT,961907568,ZAFI,A,AF-000347,A,CO,BOG,11001,Calle 73 # 27-13,esperanza.jiménez490@ejemplo.test,3436570372:TIT:OWN:TIT,,,Y,Y,,,,,20260901
0007000348,1,Luis,,Bustos,Melo,,,1,19600306,ZCC,954105293,ZAFI,C,AF-000348,A,CO,CUN,25754,Calle 91 # 93N-36 Sur,luis.velásquez491@ejemplo.test,3317382726:TIT:OWN:TIT,,,Y,Y,,,,,20260901
0007000349,1,Cecilia,Vanessa,Caro,Montoya,,,2,19751115,ZCC,965268660,ZAFI,C,AF-000349,A,CO,ANT,05001,Cl. 54V # 76-5,cecilia.narváez492@ejemplo.test,3382283560:TIT:OWN:TIT,,,Y,Y,,,,,20260901
0007000350,1,Paola,Carol,Giraldo,Salamanca,,,2,19630321,ZCC,970235445,ZAFI,B,AF-000350,A,CO,CUN,25754,Avenida Putumayo # 6J-55 Este,paola.valencia493@ejemplo.test,3012155882:TIT:OWN:TIT,,,Y,Y,,,,,20260901
0007000351,1,David,Estiven,Vélez,Sánchez,,,1,19911013,ZCC,998232136,ZAFI,A,AF-000351,A,CO,CUN,25754,Tr. 150 Bis M # 6-4 Sur,david.arteaga494@ejemplo.test,3298433903:TIT:OWN:TIT,,,Y,Y,,,,,20260901
0007000352,1,Joel,Sebastián,Durán,Mosquera,,,1,19860930,ZCC,944527784,ZAFI,C,AF-000352,A,CO,VAL,76001,Dg. 49 # 6-6 Sur,joel.calderón497@ejemplo.test,3077582126:TIT:OWN:TIT,,,Y,Y,,,,,20260901
0007000353,1,Santiago,,Forero,Mena,,,1,19430410,ZCC,965257376,ZAFI,A,AF-000353,A,CO,BOG,11001,Calle 37 # 16K-9 Sur,santiago.herrera499@ejemplo.test,3088752673:TIT:OWN:TIT,,,Y,Y,,,,,20260901
0007000354,1,Lucía,Silvia,Mejía,González,,,2,19930303,ZCC,981131962,ZAFI,C,AF-000354,A,CO,BOG,11001,Calle 2ª # 74-3,lucía.velasco500@ejemplo.test,3239795993:TIT:OWN:TIT,,,Y,Y,,,,,20260901
0007000355,1,Jhon,Alfonso,Bermúdez,Morales,,,1,20040114,ZCC,941834515,ZAFI,A,AF-000355,A,CO,VAL,76001,Av. calle 4ª # 3-37 Sur,jhon.agudelo502@ejemplo.test,3346428303:TIT:OWN:TIT,,,Y,Y,,,,,20260901
0007000356,1,Johnny,Raúl,Vásquez,Camacho,,,1,19730428,ZCC,935234689,ZAFI,C,AF-000356,A,CO,CUN,25754,Calle 57X # 22-9 Sur,johnny.sánchez503@ejemplo.test,3232636203:TIT:OWN:TIT,,,Y,Y,,,,,20260901
0007000357,1,Nancy,,León,Valencia,,,2,19820406,ZCC,949890098,ZAFI,C,AF-000357,A,CO,ANT,05001,Avenida Gómez # 96-8 Este,nancy.toro504@ejemplo.test,3399011648:TIT:OWN:TIT,,,Y,Y,,,,,20260901
0007000358,1,Wilson,David,Murillo,Marín,,,1,19970906,ZCC,943900160,ZAFI,B,AF-000358,A,CO,BOG,11001,Avenida Atlántico # 2-4 Este,wilson.bonilla505@ejemplo.test,3261187996:TIT:OWN:TIT,,,Y,Y,,,,,20260901
0007000359,1,Eduardo,,Romero,Ojeda,,,1,19500618,ZCC,956844650,ZAFI,C,AF-000359,A,CO,CUN,25754,Cr. 40 # 6G-8 Este,eduardo.orozco506@ejemplo.test,3095263449:TIT:OWN:TIT,,,Y,Y,,,,,20260901
0007000360,1,Angie,,Pineda,Arroyo,,,2,19490730,ZCC,929078396,ZAFI,C,AF-000360,A,CO,CUN,25286,Dg. 5ª # 15-3 Este,angie.velasco507@ejemplo.test,3456969501:TIT:OWN:TIT,,,Y,Y,,,,,20260901
0007000361,1,Karina,Catalina,Gómez,Benítez,,,2,19600911,ZCC,945664504,ZAFI,C,AF-000361,A,CO,ANT,05001,Cr. 96 # 4-52 Sur,karina.hernández508@ejemplo.test,3033186445:TIT:OWN:TIT,,,Y,Y,,,,,20260901
0007000362,1,Óscar,,Moreno,López,,,1,19560724,ZCC,951147301,ZAFI,B,AF-000362,A,CO,BOG,11001,Transversal 104 # 3-2,óscar.flórez509@ejemplo.test,3456763504:TIT:OWN:TIT,,,Y,Y,,,,,20260901
0007000363,1,David,Fabián,Jiménez,Sandoval,,,1,19410728,ZCC,999196341,ZAFI,B,AF-000363,A,CO,CUN,25754,Cr. 6F # 3-8 Sur,david.sierra510@ejemplo.test,3052899827:TIT:OWN:TIT,,,Y,Y,,,,,20260901
0007000364,1,Felipe,Esneider,Torres,Ortiz,,,1,19530428,ZCC,914435665,ZAFI,A,AF-000364,A,CO,VAL,76001,Calle 76 # 43N-2 Este,felipe.pinto511@ejemplo.test,3394013437:TIT:OWN:TIT,,,Y,Y,,,,,20260901
0007000365,1,Camilo,,Muñoz,Navarro,,,1,19760425,ZCC,964907303,ZAFI,A,AF-000365,A,CO,CUN,25286,Dg. 101 Este # 34-8 Sur,camilo.rivera512@ejemplo.test,3216154460:TIT:OWN:TIT,,,Y,Y,,,,,20260901
0007000366,1,David,Argemiro,Torres,Cárdenas,,,1,19470721,ZCE,947893454,ZAFI,B,AF-000366,A,CO,ANT,05001,Calle 80Q # 7R-83,david.martínez513@ejemplo.test,3083095166:TIT:OWN:TIT,,,Y,Y,,,,,20260901
0007000367,1,Rubiela,,Ramírez,Monroy,,,2,20070731,ZCC,953837378,ZAFI,C,AF-000367,A,CO,CUN,25754,Carrera 55 # 34-6 Este,rubiela.ruiz514@ejemplo.test,3289256319:TIT:OWN:TIT,,,Y,Y,,,,,20260901
0007000368,1,Eugenia,,Rodríguez,Alvarado,,,2,19930614,ZCC,934866247,ZAFI,C,AF-000368,A,CO,VAL,76001,Carrera 29 # 7-97 Este,eugenia.garcía515@ejemplo.test,3196781615:TIT:OWN:TIT,,,Y,Y,,,,,20260901
0007000369,1,Mayra,Paola,Calderón,Bedoya,,,2,20080310,ZCC,966618573,ZAFI,A,AF-000369,A,CO,BOG,11001,Cr. 3Q # 30-6 Sur,mayra.velasco516@ejemplo.test,3477697824:TIT:OWN:TIT,,,Y,Y,,,,,20260901
0007000370,1,Mauricio,,García,Rodríguez,,,1,19640730,ZCC,996783469,ZAFI,A,AF-000370,A,CO,BOG,11001,Av. calle 165 # 83-42,mauricio.santos517@ejemplo.test,3427400175:TIT:OWN:TIT,,,Y,Y,,,,,20260901
0007000371,1,Gisela,Elena,Gómez,Romero,,,2,19850930,ZCC,922243895,ZAFI,C,AF-000371,A,CO,CUN,25286,Transversal 99V # 2-52,gisela.acosta518@ejemplo.test,3246441869:TIT:OWN:TIT,,,Y,Y,,,,,20260901
0007000372,1,Dayana,,Torres,Cruz,,,2,19930207,ZCC,992819840,ZAFI,B,AF-000372,A,CO,CUN,25286,Carrera 185 # 98-4 Sur,dayana.ocampo519@ejemplo.test,3112654904:TIT:OWN:TIT,,,Y,Y,,,,,20260901
0007000373,1,Emiro,,Perea,Gaitán,,,1,20000222,ZCC,928483912,ZAFI,C,AF-000373,A,CO,VAL,76001,Av. Yuliana Galindo # 2-60,emiro.rincón520@ejemplo.test,3380190843:TIT:OWN:TIT,,,Y,Y,,,,,20260901
0007000374,1,Gabriel,Javier,Pérez,Pérez,,,1,19640810,ZCC,910248476,ZAFI,A,AF-000374,A,CO,CUN,25286,Cr. 5ª # 5L-6 Este,gabriel.vásquez521@ejemplo.test,3272229980:TIT:OWN:TIT,,,Y,Y,,,,,20260901
0007000375,1,Ancizar,Gustavo,Pardo,Sánchez,,,1,19640813,ZCC,970929821,ZAFI,C,AF-000375,A,CO,BOG,11001,Carrera 140 # 3-2,ancizar.díaz522@ejemplo.test,3160882811:TIT:OWN:TIT,,,Y,Y,,,,,20260901
0007000376,1,Andrés,,Angulo,García,,,1,19480219,ZCC,963402231,ZAFI,C,AF-000376,A,CO,ANT,05001,Cl. 7ª # 1-23 Sur,andrés.gutiérrez524@ejemplo.test,3464804121:TIT:OWN:TIT,,,Y,Y,,,,,20260901
0007000377,1,Iván,Andrés,Sánchez,Gómez,,,1,19420331,ZCC,980981728,ZAFI,B,AF-000377,A,CO,ANT,05001,Cl. 38 Este # 6-6 Sur,iván.ocampo525@ejemplo.test,3218413544:TIT:OWN:TIT,,,Y,Y,,,,,20260901
0007000378,1,Andrés,,Garcés,Mora,,,1,19580329,ZCC,933719764,ZAFI,C,AF-000378,A,CO,VAL,76001,Calle 172 # 68V-71 Sur,andrés.rojas526@ejemplo.test,3260479686:TIT:OWN:TIT,,,Y,Y,,,,,20260901
0007000379,1,Agustín,Daniel,Andrade,Sánchez,,,1,19580112,ZCC,973371139,ZAFI,B,AF-000379,A,CO,BOG,11001,Avenida Guainía # 9C-9,agustín.morales527@ejemplo.test,3395880774:TIT:OWN:TIT,,,Y,Y,,,,,20260901
0007000380,1,Alonso,,Martínez,Miranda,,,1,19490620,ZCC,977595915,ZAFI,A,AF-000380,A,CO,ANT,05001,Carrera 44 # 3-18 Sur,alonso.gonzález528@ejemplo.test,3172468358:TIT:OWN:TIT,,,Y,Y,,,,,20260901
0007000381,1,Reinel,,Rivera,Osorio,,,1,19710713,ZCC,946137512,ZAFI,C,AF-000381,A,CO,BOG,11001,Carrera 123 # 6L-8 Este,reinel.aguilar530@ejemplo.test,3169927211:TIT:OWN:TIT,,,Y,Y,,,,,20260901
0007000382,1,Gabriela,,Ramírez,Vega,,,2,19850612,ZCC,921206374,ZAFI,B,AF-000382,A,CO,VAL,76001,Cl. 74 # 2Q-5 Este,gabriela.prada531@ejemplo.test,3413141217:TIT:OWN:TIT,,,Y,Y,,,,,20260901
0007000383,1,Diana,,Peña,Gutiérrez,,,2,20050311,ZCC,986360759,ZAFI,C,AF-000383,A,CO,CUN,25754,Cl. 164 # 4-3 Sur,diana.gonzález533@ejemplo.test,3435369587:TIT:OWN:TIT,,,Y,Y,,,,,20260901
0007000384,1,Tulia,Ingrid,Calderón,Hurtado,,,2,19480628,ZPAS,998983687,ZAFI,A,AF-000384,A,CO,CUN,25286,Carrera 114 Sur # 19-4,tulia.soto535@ejemplo.test,3480236330:TIT:OWN:TIT,,,Y,Y,,,,,20260901
0007000385,1,Dora,,Mesa,Pérez,,,2,19660619,ZCC,930012610,ZAFI,C,AF-000385,A,CO,CUN,25754,Cl. 7C # 5Z-7 Sur,dora.martínez536@ejemplo.test,3253440676:TIT:OWN:TIT,,,Y,Y,,,,,20260901
0007000386,1,Julia,Maricela,Castellanos,Cruz,,,2,19900429,ZCC,967125914,ZAFI,A,AF-000386,A,CO,CUN,25286,Dg. 11 # 32-1 Sur,julia.moreno537@ejemplo.test,3167069053:TIT:OWN:TIT,,,Y,Y,,,,,20260901
0007000387,1,Gloria,,Morales,Quintero,,,2,19900926,ZCC,913429724,ZAFI,A,AF-000387,A,CO,ANT,05001,Carrera 25Q Bis # 4M-67 Este,gloria.leal538@ejemplo.test,3092884615:TIT:OWN:TIT,,,Y,Y,,,,,20260901
0007000388,1,Vicente,Manuel,León,Arias,,,1,20050616,ZCC,931619622,ZAFI,B,AF-000388,A,CO,CUN,25754,Cr. 167W # 68-8,vicente.sánchez539@ejemplo.test,3475676973:TIT:OWN:TIT,,,Y,Y,,,,,20260901
0007000389,1,Rocío,María,Muñoz,Gamboa,,,2,19640208,ZCC,955925474,ZAFI,A,AF-000389,A,CO,ANT,05001,Calle 7ª # 82-63,rocío.ortiz541@ejemplo.test,3374207886:TIT:OWN:TIT,,,Y,Y,,,,,20260901
0007000390,1,Jairo,René,Martínez,Carrillo,,,1,19730311,ZCC,918553212,ZAFI,A,AF-000390,A,CO,CUN,25754,Avenida calle 134 # 4P-1 Este,jairo.mosquera543@ejemplo.test,3238056093:TIT:OWN:TIT,,,Y,Y,,,,,20260901
0007000391,1,Humberto,Jesús,Caicedo,Flórez,,,1,20050609,ZPAS,944141029,ZAFI,A,AF-000391,A,CO,CUN,25754,Cr. 35 # 6-64,humberto.hernández544@ejemplo.test,3250687667:TIT:OWN:TIT,,,Y,Y,,,,,20260901
0007000392,1,Margarita,,Gómez,Cardona,,,2,19560514,ZCC,955292427,ZAFI,B,AF-000392,A,CO,VAL,76001,Diagonal 38 # 8-1 Este,margarita.garcía545@ejemplo.test,3450718973:TIT:OWN:TIT,,,Y,Y,,,,,20260901
0007000393,1,Manuel,,Valencia,Obando,,,1,19781213,ZCC,985654415,ZAFI,A,AF-000393,A,CO,VAL,76001,Avenida calle 116 # 34E-20 Sur,manuel.garcía546@ejemplo.test,3327423822:TIT:OWN:TIT,,,Y,Y,,,,,20260901
0007000394,1,Marlén,,Serrano,Espinosa,,,2,20050609,ZCC,968176961,ZAFI,B,AF-000394,A,CO,BOG,11001,Calle 80 # 4K-93 Este,marlén.ortega547@ejemplo.test,3036121670:TIT:OWN:TIT,,,Y,Y,,,,,20260901
0007000395,1,Luz,,Cuéllar,Delgado,,,2,19541211,ZCE,944709690,ZAFI,B,AF-000395,A,CO,CUN,25754,Dg. 36 # 68T-5,luz.martínez548@ejemplo.test,3178610097:TIT:OWN:TIT,,,Y,Y,,,,,20260901
0007000396,1,Mónica,Margarita,Mendoza,Jaramillo,,,2,20050226,ZCC,919779467,ZAFI,C,AF-000396,A,CO,ANT,05001,Carrera 141Q Bis E # 15-9,mónica.prada549@ejemplo.test,3243735055:TIT:OWN:TIT,,,Y,Y,,,,,20260901
0007000397,1,María,Sandra,Franco,Castillo,,,2,20000402,ZCC,989316276,ZAFI,A,AF-000397,A,CO,CUN,25754,Tr. 5 Bis T # 9-9 Este,maría.arias550@ejemplo.test,3250449996:TIT:OWN:TIT,,,Y,Y,,,,,20260901
0007000398,1,Julián,,Ríos,León,,,1,19850918,ZCC,917855771,ZAFI,C,AF-000398,A,CO,CUN,25754,Cr. 55 # 72-3,julián.giraldo552@ejemplo.test,3386572327:TIT:OWN:TIT,,,Y,Y,,,,,20260901
0007000399,1,David,Julián,Barrios,Fuentes,,,1,19500929,ZCC,924832536,ZAFI,C,AF-000399,A,CO,VAL,76001,Avenida Tuta # 79-80 Sur,david.flórez553@ejemplo.test,3492313271:TIT:OWN:TIT,,,Y,Y,,,,,20260901
0007000400,1,James,,Agudelo,Arévalo,,,1,19420116,ZCC,953147404,ZAFI,B,AF-000400,A,CO,VAL,76001,Carrera 16 # 76-90 Sur,james.castro554@ejemplo.test,3374253955:TIT:OWN:TIT,,,Y,Y,,,,,20260901
0007000401,1,Gonzalo,,Gómez,Villamizar,,,1,20050108,ZCC,957210475,ZAFI,B,AF-000401,A,CO,VAL,76001,Av. calle 166 # 9-33 Sur,gonzalo.ramírez555@ejemplo.test,3213218115:TIT:OWN:TIT,,,Y,Y,,,,,20260901
0007000402,1,Arturo,Andrés,Castro,Moreno,,,1,19810416,ZCC,923426679,ZAFI,B,AF-000402,A,CO,CUN,25754,Cl. 139B Sur # 47-7 Este,arturo.correa556@ejemplo.test,3141070740:TIT:OWN:TIT,,,Y,Y,,,,,20260901
0007000403,1,David,Alberto,Santos,Vargas,,,1,19970929,ZCC,910839544,ZAFI,B,AF-000403,A,CO,VAL,76001,Carrera 3ª # 6-13,david.trujillo557@ejemplo.test,3183010496:TIT:OWN:TIT,,,Y,Y,,,,,20260901
0007000404,1,Carlos,Alejandro,Moreno,Martínez,,,1,20070127,ZCC,930075796,ZAFI,B,AF-000404,A,CO,ANT,05001,Calle 38 # 71A-9,carlos.hernández558@ejemplo.test,3360756256:TIT:OWN:TIT,,,Y,Y,,,,,20260901
0007000405,1,Alejandra,Pilar,Rojas,Alfonso,,,2,19461119,ZCC,936285961,ZAFI,A,AF-000405,A,CO,BOG,11001,Tr. 56 # 7-67,alejandra.portilla559@ejemplo.test,3360164557:TIT:OWN:TIT,,,Y,Y,,,,,20260901
0007000406,1,Luz,Martha,Prieto,Cano,,,2,19971205,ZCC,965297453,ZAFI,B,AF-000406,A,CO,BOG,11001,Calle 88 # 38E-7,luz.martínez561@ejemplo.test,3383532952:TIT:OWN:TIT,,,Y,Y,,,,,20260901
0007000407,1,Matilde,Luz,García,Rojas,,,2,19501220,ZCC,912273761,ZAFI,B,AF-000407,A,CO,VAL,76001,Avenida calle 4ª # 9-9 Sur,matilde.estrada562@ejemplo.test,3220255617:TIT:OWN:TIT,,,Y,Y,,,,,20260901
0007000408,1,Helena,Alejandra,Rincón,Pérez,,,2,19920814,ZCE,931058160,ZAFI,C,AF-000408,A,CO,BOG,11001,Carrera 77 # 44-99 Este,helena.acosta563@ejemplo.test,3444331945:TIT:OWN:TIT,,,Y,Y,,,,,20260901
0007000409,1,Jhon,Omar,Forero,Restrepo,,,1,19930228,ZCC,991117549,ZAFI,A,AF-000409,A,CO,VAL,76001,Cl. 147 # 22-34,jhon.rivera564@ejemplo.test,3295348836:TIT:OWN:TIT,,,Y,Y,,,,,20260901
0007000410,1,Mauricio,Armando,Rodríguez,Pacheco,,,1,19490627,ZCC,959056653,ZAFI,A,AF-000410,A,CO,CUN,25286,Transversal 109 # 5-6 Sur,mauricio.toro565@ejemplo.test,3328210828:TIT:OWN:TIT,,,Y,Y,,,,,20260901
0007000411,1,Edinson,Diego,Gómez,Castillo,,,1,19430521,ZPPT,925211662,ZAFI,A,AF-000411,A,CO,CUN,25286,Av. Chocó # 7A-7 Sur,edinson.marín567@ejemplo.test,3245896490:TIT:OWN:TIT,,,Y,Y,,,,,20260901
0007000412,1,Amelia,,Castro,Ochoa,,,2,19690323,ZCC,910232745,ZAFI,C,AF-000412,A,CO,CUN,25286,Calle 112 # 7-3 Sur,amelia.castillo568@ejemplo.test,3334563962:TIT:OWN:TIT,,,Y,Y,,,,,20260901
0007000413,1,William,Víctor,Ríos,Angulo,,,1,19670706,ZCC,973183347,ZAFI,B,AF-000413,A,CO,CUN,25754,Cl. 9ª # 8B-7,william.quintero569@ejemplo.test,3438375769:TIT:OWN:TIT,,,Y,Y,,,,,20260901
0007000414,1,Patricia,Nubia,Prada,Quintero,,,2,19861229,ZCC,923522158,ZAFI,B,AF-000414,A,CO,BOG,11001,Avenida Carlos Pardo Ospino # 7J-37 Sur,patricia.ríos570@ejemplo.test,3369408249:TIT:OWN:TIT,,,Y,Y,,,,,20260901
0007000415,1,Andrés,Gustavo,Gutiérrez,Martínez,,,1,19600815,ZCC,978930496,ZAFI,C,AF-000415,A,CO,CUN,25286,Carrera 154 # 9-5,andrés.lópez572@ejemplo.test,3162642841:TIT:OWN:TIT,,,Y,Y,,,,,20260901
0007000416,1,Miguel,,Galindo,Pérez,,,1,19610624,ZCC,939347688,ZAFI,A,AF-000416,A,CO,VAL,76001,Cr. 47 # 28N-63 Este,miguel.mora573@ejemplo.test,3170171581:TIT:OWN:TIT,,,Y,Y,,,,,20260901
0007000417,1,Augusto,John,Trujillo,Guzmán,,,1,19981120,ZCC,956208026,ZAFI,A,AF-000417,A,CO,CUN,25286,Av. calle 8ª # 4-67 Sur,augusto.martínez574@ejemplo.test,3148519876:TIT:OWN:TIT,,,Y,Y,,,,,20260901
0007000418,1,Eliana,Daniela,Tamayo,Orozco,,,2,19800505,ZCC,934788695,ZAFI,A,AF-000418,A,CO,VAL,76001,Calle 181 Bis # 6U-77,eliana.quintero575@ejemplo.test,3347693784:TIT:OWN:TIT,,,Y,Y,,,,,20260901
0007000419,1,Sofía,Magaly,Fernández,Jiménez,,,2,19860917,ZCC,916703831,ZAFI,A,AF-000419,A,CO,CUN,25754,Calle 50 # 5-3 Sur,sofía.morales577@ejemplo.test,3050002062:TIT:OWN:TIT,,,Y,Y,,,,,20260901
0007000420,1,Humberto,,Cárdenas,Mosquera,,,1,20010516,ZCC,957519325,ZAFI,C,AF-000420,A,CO,BOG,11001,Calle 4ª # 5-9 Este,humberto.jiménez578@ejemplo.test,3047880668:TIT:OWN:TIT,,,Y,Y,,,,,20260901
0007000421,1,Marina,,Hernández,Jiménez,,,2,19780522,ZCC,960042087,ZAFI,A,AF-000421,A,CO,ANT,05001,Diagonal 79 # 73-19 Sur,marina.vásquez582@ejemplo.test,3437170045:TIT:OWN:TIT,,,Y,Y,,,,,20260901
0007000422,1,Kevin,,Cruz,Marín,,,1,19450228,ZCC,981008784,ZAFI,C,AF-000422,A,CO,ANT,05001,Cl. 70 # 63-40,kevin.perea583@ejemplo.test,3072761474:TIT:OWN:TIT,,,Y,Y,,,,,20260901
0007000423,1,Aurora,Liliana,Pinzón,Villegas,,,2,19651221,ZCC,913881612,ZAFI,A,AF-000423,A,CO,ANT,05001,Diagonal 8ª # 40G-9 Este,aurora.delgado585@ejemplo.test,3126014210:TIT:OWN:TIT,,,Y,Y,,,,,20260901
0007000424,1,Jeison,Felipe,Trujillo,Rodríguez,,,1,20030226,ZCC,994011708,ZAFI,B,AF-000424,A,CO,ANT,05001,Cr. 92B # 81-3 Sur,jeison.fernández586@ejemplo.test,3425983073:TIT:OWN:TIT,,,Y,Y,,,,,20260901
0007000425,1,Alberto,Andrés,Muñoz,Caicedo,,,1,19840720,ZPAS,947421671,ZAFI,C,AF-000425,A,CO,BOG,11001,Diagonal 177 # 7-34,alberto.hurtado587@ejemplo.test,3034361876:TIT:OWN:TIT,,,Y,Y,,,,,20260901
0007000426,1,Ángela,,Valencia,Anaya,,,2,19641012,ZCC,927555328,ZAFI,C,AF-000426,A,CO,VAL,76001,Calle 91 # 7Y-6,ángela.giraldo588@ejemplo.test,3271471489:TIT:OWN:TIT,,,Y,Y,,,,,20260901
0007000427,1,Miguel,Felipe,Medina,Mendoza,,,1,20010813,ZCC,996957076,ZAFI,C,AF-000427,A,CO,CUN,25754,Av. carrera 4ª # 4-44 Este,miguel.triana589@ejemplo.test,3447765031:TIT:OWN:TIT,,,Y,Y,,,,,20260901
0007000428,1,Cristian,,Salas,Rodríguez,,,1,19590313,ZCC,993840433,ZAFI,A,AF-000428,A,CO,ANT,05001,Cr. 29 # 30-55 Sur,cristian.bautista590@ejemplo.test,3314030325:TIT:OWN:TIT,,,Y,Y,,,,,20260901
0007000429,1,Luis,,Herrera,Díaz,,,1,20080618,ZCE,989709340,ZAFI,A,AF-000429,A,CO,CUN,25286,Avenida Jaramillo # 67-51 Este,luis.naranjo592@ejemplo.test,3157603273:TIT:OWN:TIT,,,Y,Y,,,,,20260901
0007000430,1,Marcela,Ana,García,Granados,,,2,19990809,ZCC,954289116,ZAFI,A,AF-000430,A,CO,CUN,25286,Av. Lozano # 70-3 Este,marcela.alfonso593@ejemplo.test,3120181141:TIT:OWN:TIT,,,Y,Y,,,,,20260901
0007000431,1,Andrés,,Vallejo,Quintero,,,1,19500408,ZCC,992314630,ZAFI,A,AF-000431,A,CO,CUN,25754,Transversal 49 # 75S-5,andrés.perea595@ejemplo.test,3472550985:TIT:OWN:TIT,,,Y,Y,,,,,20260901
0007000432,1,Myriam,,Ortiz,Figueroa,,,2,19860828,ZCC,974197929,ZAFI,A,AF-000432,A,CO,BOG,11001,Carrera 9G # 84S-3 Este,myriam.delgado596@ejemplo.test,3211029493:TIT:OWN:TIT,,,Y,Y,,,,,20260901
0007000433,1,Janeth,Diana,Serrano,Roa,,,2,19801117,ZCC,991571849,ZAFI,C,AF-000433,A,CO,BOG,11001,Cr. 51 # 29-7,janeth.vergara597@ejemplo.test,3319251147:TIT:OWN:TIT,,,Y,Y,,,,,20260901
0007000434,1,Erick,Carlos,Garzón,Buitrago,,,1,19850127,ZCE,986103210,ZAFI,B,AF-000434,A,CO,VAL,76001,Carrera 34 # 90-40 Sur,erick.guerrero598@ejemplo.test,3388588419:TIT:OWN:TIT,,,Y,Y,,,,,20260901
0007000435,1,Jackeline,,Anaya,Camargo,,,2,19510210,ZCC,970891995,ZAFI,A,AF-000435,A,CO,VAL,76001,Cl. 112 # 25-1,jackeline.díaz600@ejemplo.test,3088292813:TIT:OWN:TIT,,,Y,Y,,,,,20260901
0007000436,1,María,,Castellanos,Rodríguez,,,2,19940131,ZCC,965631168,ZAFI,C,AF-000436,A,CO,VAL,76001,Calle 7 Bis # 7-27 Sur,maría.vera601@ejemplo.test,3184162600:TIT:OWN:TIT,,,Y,Y,,,,,20260901
0007000437,1,Camila,Paola,Meza,Morales,,,2,19490504,ZCC,960096592,ZAFI,C,AF-000437,A,CO,BOG,11001,Cl. 5P Bis # 25-49 Este,camila.soto602@ejemplo.test,3338442859:TIT:OWN:TIT,,,Y,Y,,,,,20260901
0007000438,1,Cristian,Alfredo,Trujillo,Gómez,,,1,19440721,ZCC,931598916,ZAFI,C,AF-000438,A,CO,ANT,05001,Cl. 66 # 1-2 Este,cristian.saavedra603@ejemplo.test,3293662853:TIT:OWN:TIT,,,Y,Y,,,,,20260901
0007000439,1,Julieth,Luz,Muñoz,Guzmán,,,2,19970820,ZCC,935320118,ZAFI,B,AF-000439,A,CO,CUN,25286,Cr. 86 # 79-48 Sur,julieth.rodríguez604@ejemplo.test,3136839395:TIT:OWN:TIT,,,Y,Y,,,,,20260901
0007000440,1,Manuel,,Velásquez,Mesa,,,1,19491229,ZCC,941846645,ZAFI,A,AF-000440,A,CO,CUN,25754,Carrera 25 # 4-10 Este,manuel.torres606@ejemplo.test,3271402617:TIT:OWN:TIT,,,Y,Y,,,,,20260901
0007000441,1,Raúl,Hernando,Monsalve,Ríos,,,1,19440614,ZCC,991379972,ZAFI,B,AF-000441,A,CO,CUN,25286,Cr. 194 # 7-3 Este,raúl.angulo607@ejemplo.test,3466102005:TIT:OWN:TIT,,,Y,Y,,,,,20260901
0007000442,1,Raquel,Fanny,López,Hurtado,,,2,19910426,ZCC,999960810,ZAFI,A,AF-000442,A,CO,VAL,76001,Avenida Panqueba # 2H-62 Este,raquel.fajardo608@ejemplo.test,3222017165:TIT:OWN:TIT,,,Y,Y,,,,,20260901
0007000443,1,Paola,Astrid,Martínez,Pineda,,,2,19610319,ZCC,913911052,ZAFI,A,AF-000443,A,CO,BOG,11001,Cr. 155 # 32-59 Sur,paola.lópez609@ejemplo.test,3116082176:TIT:OWN:TIT,,,Y,Y,,,,,20260901
0007000444,1,Manuel,,Rivera,Jaramillo,,,1,20020806,ZCC,913502804,ZAFI,C,AF-000444,A,CO,CUN,25754,Avenida Cauca # 1-7 Sur,manuel.cardona611@ejemplo.test,3353951456:TIT:OWN:TIT,,,Y,Y,,,,,20260901
0007000445,1,José,,Ruiz,Cardona,,,1,19890518,ZCC,957489096,ZAFI,A,AF-000445,A,CO,CUN,25286,Diagonal 2P # 3-15 Este,josé.gil612@ejemplo.test,3156250111:TIT:OWN:TIT,,,Y,Y,,,,,20260901
0007000446,1,Arley,Mauricio,Perea,Rincón,,,1,19450218,ZCE,929566634,ZAFI,A,AF-000446,A,CO,BOG,11001,Avenida calle 8ª # 61-7,arley.gil613@ejemplo.test,3434744833:TIT:OWN:TIT,,,Y,Y,,,,,20260901
0007000447,1,Leonardo,Rubén,Alarcón,Ortiz,,,1,19861008,ZCC,927875207,ZAFI,B,AF-000447,A,CO,VAL,76001,Carrera 103 # 9L-21,leonardo.mejía614@ejemplo.test,3355964455:TIT:OWN:TIT,,,Y,Y,,,,,20260901
0007000448,1,Alejandro,,Melo,Rodríguez,,,1,19931210,ZPAS,947865107,ZAFI,C,AF-000448,A,CO,ANT,05001,Carrera 9ª # 6-5 Sur,alejandro.ángel615@ejemplo.test,3199505036:TIT:OWN:TIT,,,Y,Y,,,,,20260901
0007000449,1,Samir,Fernando,Ríos,Mendoza,,,1,19800619,ZCC,985110804,ZAFI,C,AF-000449,A,CO,BOG,11001,Cr. 24 # 91-56 Sur,samir.gonzález617@ejemplo.test,3490901500:TIT:OWN:TIT,,,Y,Y,,,,,20260901
0007000450,1,Nelson,Jesús,Blanco,Giraldo,,,1,20021003,ZCC,980752203,ZAFI,A,AF-000450,A,CO,CUN,25754,Carrera 103 # 62B-7 Sur,nelson.arévalo618@ejemplo.test,3444890355:TIT:OWN:TIT,,,Y,Y,,,,,20260901
0007000451,1,Enrique,,Ramírez,Ruiz,,,1,19950101,ZCC,984600636,ZAFI,A,AF-000451,A,CO,CUN,25754,Cl. 80 # 5-70,enrique.ávila620@ejemplo.test,3478821021:TIT:OWN:TIT,,,Y,Y,,,,,20260901
0007000452,1,Esneider,,Hernández,Rincón,,,1,19720106,ZPPT,914082862,ZAFI,A,AF-000452,A,CO,VAL,76001,Diagonal 46B # 4-79,esneider.rentería622@ejemplo.test,3377829903:TIT:OWN:TIT,,,Y,Y,,,,,20260901
0007000453,1,Ana,Alejandra,Romero,Cardona,,,2,19530728,ZCC,989338601,ZAFI,B,AF-000453,A,CO,CUN,25286,Carrera 2ª # 6-7,ana.reyes624@ejemplo.test,3219723742:TIT:OWN:TIT,,,Y,Y,,,,,20260901
0007000454,1,Olga,,Bermúdez,Camargo,,,2,19970624,ZCC,927401450,ZAFI,A,AF-000454,A,CO,ANT,05001,Cl. 32 # 10-7 Este,olga.rangel625@ejemplo.test,3181626047:TIT:OWN:TIT,,,Y,Y,,,,,20260901
0007000455,1,Rosa,Lucía,Morales,Ruiz,,,2,20000704,ZCC,917191246,ZAFI,B,AF-000455,A,CO,CUN,25286,Dg. 63X # 83-6 Sur,rosa.daza626@ejemplo.test,3383361320:TIT:OWN:TIT,,,Y,Y,,,,,20260901
0007000456,1,Socorro,Daniela,Pérez,Díaz,,,2,19990827,ZCC,916178203,ZAFI,B,AF-000456,A,CO,CUN,25754,Cl. 3ª # 4-6 Este,socorro.arias628@ejemplo.test,3220130950:TIT:OWN:TIT,,,Y,Y,,,,,20260901
0007000457,1,Danilo,,Valderrama,Hernández,,,1,19930412,ZCC,978963708,ZAFI,C,AF-000457,A,CO,VAL,76001,Transversal 1ª # 45-33 Este,danilo.osorio629@ejemplo.test,3056474019:TIT:OWN:TIT,,,Y,Y,,,,,20260901
0007000458,1,Alexandra,Adriana,Angarita,Jiménez,,,2,19721206,ZCC,930997090,ZAFI,C,AF-000458,A,CO,ANT,05001,Carrera 87 # 32-35,alexandra.serrano630@ejemplo.test,3412215241:TIT:OWN:TIT,,,Y,Y,,,,,20260901
0007000459,1,Guillermo,Alberto,García,Lara,,,1,19841231,ZCC,982533454,ZAFI,C,AF-000459,A,CO,VAL,76001,Calle 4ª # 86-35 Este,guillermo.ruiz631@ejemplo.test,3380337443:TIT:OWN:TIT,,,Y,Y,,,,,20260901
0007000460,1,Mirian,Gabriela,Rodríguez,Vélez,,,2,19510802,ZCC,938433067,ZAFI,B,AF-000460,A,CO,CUN,25754,Dg. 19 # 77S-1 Este,mirian.gómez632@ejemplo.test,3362264528:TIT:OWN:TIT,,,Y,Y,,,,,20260901
0007000461,1,Antonio,José,Acosta,Peña,,,1,19541112,ZCC,912435368,ZAFI,A,AF-000461,A,CO,ANT,05001,Cl. 82 # 8-5 Este,antonio.montoya633@ejemplo.test,3345283564:TIT:OWN:TIT,,,Y,Y,,,,,20260901
0007000462,1,Yina,Ingrid,González,Jiménez,,,2,19911016,ZCC,914446612,ZAFI,C,AF-000462,A,CO,VAL,76001,Cl. 142 # 3-3 Este,yina.figueroa634@ejemplo.test,3286135449:TIT:OWN:TIT,,,Y,Y,,,,,20260901
0007000463,1,Luz,Rosa,Restrepo,Paz,,,2,19920704,ZCC,988334063,ZAFI,C,AF-000463,A,CO,VAL,76001,Cl. 92 # 4-40,luz.vásquez636@ejemplo.test,3312790334:TIT:OWN:TIT,,,Y,Y,,,,,20260901
0007000464,1,Jean,,Toro,Osorio,,,1,19540124,ZCE,948392392,ZAFI,A,AF-000464,A,CO,VAL,76001,Carrera 197C # 84-74,jean.espinosa638@ejemplo.test,3348705549:TIT:OWN:TIT,,,Y,Y,,,,,20260901
0007000465,1,Alfredo,,Hernández,Melo,,,1,19860808,ZCC,998621857,ZAFI,C,AF-000465,A,CO,BOG,11001,Calle 2 Bis B # 67-4 Este,alfredo.burgos639@ejemplo.test,3059969602:TIT:OWN:TIT,,,Y,Y,,,,,20260901
0007000466,1,Carlos,,Ruiz,Pérez,,,1,19420206,ZCC,979851478,ZAFI,C,AF-000466,A,CO,VAL,76001,Avenida calle 4ª # 30-8,carlos.caicedo640@ejemplo.test,3131603524:TIT:OWN:TIT,,,Y,Y,,,,,20260901
0007000467,1,Juan,,Maldonado,Galindo,,,1,19550725,ZCC,966177677,ZAFI,B,AF-000467,A,CO,CUN,25286,Av. Los Santos # 61-2,juan.ramírez641@ejemplo.test,3228657933:TIT:OWN:TIT,,,Y,Y,,,,,20260901
0007000468,1,Jorge,Gustavo,Sandoval,González,,,1,19910603,ZPAS,930569633,ZAFI,B,AF-000468,A,CO,BOG,11001,Dg. 81 # 6-7,jorge.bolaños642@ejemplo.test,3373447610:TIT:OWN:TIT,,,Y,Y,,,,,20260901
0007000469,1,Iván,Armando,Mejía,Martínez,,,1,20030112,ZCC,972172412,ZAFI,A,AF-000469,A,CO,BOG,11001,Cr. 31 # 84I-4,iván.cárdenas643@ejemplo.test,3417848922:TIT:OWN:TIT,,,Y,Y,,,,,20260901
0007000470,1,María,Isabel,Caro,Calderón,,,2,19541206,ZCC,968214016,ZAFI,C,AF-000470,A,CO,CUN,25286,Calle 23 # 2S-1 Este,maría.díaz644@ejemplo.test,3091204962:TIT:OWN:TIT,,,Y,Y,,,,,20260901
0007000471,1,Eugenia,Rocío,Soto,Oviedo,,,2,19450725,ZCC,981012691,ZAFI,A,AF-000471,A,CO,CUN,25754,Carrera 77G # 7-9 Este,eugenia.gómez645@ejemplo.test,3224512218:TIT:OWN:TIT,,,Y,Y,,,,,20260901
0007000472,1,Flor,,Melo,Rodríguez,,,2,20000417,ZCC,997044437,ZAFI,A,AF-000472,A,CO,BOG,11001,Cl. 101 # 7A-12 Sur,flor.soto646@ejemplo.test,3059274223:TIT:OWN:TIT,,,Y,Y,,,,,20260901
0007000473,1,Lucero,Blanca,Ortiz,Chávez,,,2,19810112,ZCC,958946240,ZAFI,C,AF-000473,A,CO,CUN,25286,Calle 6ª # 16-25 Sur,lucero.solano647@ejemplo.test,3088386508:TIT:OWN:TIT,,,Y,Y,,,,,20260901
0007000474,1,Rosa,Marcela,Guzmán,Jiménez,,,2,20041201,ZCC,973413516,ZAFI,B,AF-000474,A,CO,BOG,11001,Cl. 6 Sur # 19-6,rosa.ruiz648@ejemplo.test,3131626661:TIT:OWN:TIT,,,Y,Y,,,,,20260901
0007000475,1,Tatiana,María,Gómez,Restrepo,,,2,19770815,ZPPT,975071678,ZAFI,A,AF-000475,A,CO,CUN,25754,Avenida Risaralda # 9-63 Sur,tatiana.cuesta649@ejemplo.test,3410201942:TIT:OWN:TIT,,,Y,Y,,,,,20260901
0007000476,1,Luz,Janeth,Naranjo,Ortiz,,,2,20010405,ZCC,961175498,ZAFI,A,AF-000476,A,CO,CUN,25754,Cl. 91 # 89O-61 Este,luz.suárez651@ejemplo.test,3317188625:TIT:OWN:TIT,,,Y,Y,,,,,20260901
0007000477,1,Óscar,,Ardila,Vergara,,,1,19920615,ZCC,972328078,ZAFI,C,AF-000477,A,CO,VAL,76001,Calle 29 # 41J-5,óscar.arias652@ejemplo.test,3339339582:TIT:OWN:TIT,,,Y,Y,,,,,20260901
0007000478,1,Stella,Yaneth,Carvajal,Barragán,,,2,20040117,ZCC,937054341,ZAFI,C,AF-000478,A,CO,BOG,11001,Carrera 156 # 31P-3 Este,stella.mosquera653@ejemplo.test,3377333520:TIT:OWN:TIT,,,Y,Y,,,,,20260901
0007000479,1,Rocío,,Ariza,Hernández,,,2,19770406,ZCC,974000680,ZAFI,B,AF-000479,A,CO,CUN,25754,Avenida calle 3ª # 21A-14,rocío.gonzález654@ejemplo.test,3299731717:TIT:OWN:TIT,,,Y,Y,,,,,20260901
0007000480,1,Jairo,Pablo,García,López,,,1,19510223,ZCC,989560419,ZAFI,A,AF-000480,A,CO,BOG,11001,Cr. 7U # 34-11 Sur,jairo.ramírez655@ejemplo.test,3459154573:TIT:OWN:TIT,,,Y,Y,,,,,20260901
0007000481,1,Erika,Juliana,Rodríguez,Herrera,,,2,19720823,ZCC,922584861,ZAFI,A,AF-000481,A,CO,CUN,25286,Cl. 81 # 4-60,erika.blanco657@ejemplo.test,3291734829:TIT:OWN:TIT,,,Y,Y,,,,,20260901
0007000482,1,Andrés,José,Jiménez,Moreno,,,1,19660415,ZCC,995484370,ZAFI,A,AF-000482,A,CO,BOG,11001,Calle 60G # 3-26 Sur,andrés.rivera658@ejemplo.test,3073357850:TIT:OWN:TIT,,,Y,Y,,,,,20260901
0007000483,1,Edison,Andrés,Bedoya,Marín,,,1,19611019,ZCC,945011398,ZAFI,A,AF-000483,A,CO,CUN,25754,Avenida Sepúlveda # 2-7,edison.aguilar659@ejemplo.test,3477349278:TIT:OWN:TIT,,,Y,Y,,,,,20260901
0007000484,1,Alexis,,Pardo,Betancur,,,1,20050703,ZCC,998546071,ZAFI,A,AF-000484,A,CO,CUN,25754,Cl. 90G # 8-7 Este,alexis.ospina660@ejemplo.test,3236761824:TIT:OWN:TIT,,,Y,Y,,,,,20260901
0007000485,1,Daniel,,Cortés,Sánchez,,,1,19710606,ZCC,978741512,ZAFI,A,AF-000485,A,CO,ANT,05001,Cr. 23 # 3R-4 Sur,daniel.castillo661@ejemplo.test,3134896974:TIT:OWN:TIT,,,Y,Y,,,,,20260901
0007000486,1,César,,Valderrama,Hoyos,,,1,19720812,ZPAS,973154818,ZAFI,C,AF-000486,A,CO,ANT,05001,Tr. 77W # 4-30 Sur,césar.niño662@ejemplo.test,3121806236:TIT:OWN:TIT,,,Y,Y,,,,,20260901
0007000487,1,Sebastián,Carlos,Ariza,Rodríguez,,,1,19420528,ZCC,965508127,ZAFI,C,AF-000487,A,CO,BOG,11001,Transversal 150 # 5-1 Sur,sebastián.garcés663@ejemplo.test,3054956320:TIT:OWN:TIT,,,Y,Y,,,,,20260901
0007000488,1,Manuela,Nubia,Gutiérrez,Guerra,,,2,19960223,ZCC,967527422,ZAFI,A,AF-000488,A,CO,CUN,25286,Av. carrera 168 # 97-48 Este,manuela.silva664@ejemplo.test,3459456845:TIT:OWN:TIT,,,Y,Y,,,,,20260901
0007000489,1,Santiago,Hernán,Durán,Gil,,,1,19540915,ZCC,918200360,ZAFI,C,AF-000489,A,CO,CUN,25754,Carrera 5O # 44-6 Este,santiago.ordóñez665@ejemplo.test,3198827987:TIT:OWN:TIT,,,Y,Y,,,,,20260901
0007000490,1,Jeison,Carlos,Cárdenas,Rodríguez,,,1,19581231,ZCC,912554535,ZAFI,A,AF-000490,A,CO,CUN,25286,Calle 198 # 47R-96,jeison.amaya668@ejemplo.test,3188616864:TIT:OWN:TIT,,,Y,Y,,,,,20260901
0007000491,1,Jesús,,Mendoza,Pérez,,,1,19870416,ZCC,974835955,ZAFI,C,AF-000491,A,CO,VAL,76001,Cl. 49 # 9-2 Este,jesús.arévalo669@ejemplo.test,3475118836:TIT:OWN:TIT,,,Y,Y,,,,,20260901
0007000492,1,Sandra,Enith,Pérez,Rendón,,,2,19600201,ZCC,987385419,ZAFI,B,AF-000492,A,CO,CUN,25754,Cr. 142 # 73O-30 Sur,sandra.pérez671@ejemplo.test,3321625448:TIT:OWN:TIT,,,Y,Y,,,,,20260901
0007000493,1,Flor,,Sánchez,Arboleda,,,2,19740511,ZCC,917216155,ZAFI,A,AF-000493,A,CO,CUN,25286,Tr. 53 # 5-5,flor.henao672@ejemplo.test,3041593970:TIT:OWN:TIT,,,Y,Y,,,,,20260901
0007000494,1,José,,Caro,Hurtado,,,1,19711103,ZCC,950313313,ZAFI,A,AF-000494,A,CO,ANT,05001,Calle 141F Este # 4-68 Este,josé.gonzález673@ejemplo.test,3279885826:TIT:OWN:TIT,,,Y,Y,,,,,20260901
0007000495,1,Sandra,María,Caballero,Díaz,,,2,19570818,ZCC,910952156,ZAFI,C,AF-000495,A,CO,VAL,76001,Calle 154 # 2-95 Sur,sandra.lozano674@ejemplo.test,3247258635:TIT:OWN:TIT,,,Y,Y,,,,,20260901
0007000496,1,Isabel,,Castañeda,González,,,2,20040310,ZCC,919017533,ZAFI,C,AF-000496,A,CO,ANT,05001,Avenida calle 168 # 95-3 Sur,isabel.rivera675@ejemplo.test,3060431955:TIT:OWN:TIT,,,Y,Y,,,,,20260901
0007000497,1,David,,Jaramillo,Maldonado,,,1,20000223,ZCC,963083659,ZAFI,A,AF-000497,A,CO,CUN,25754,Transversal 62V # 1-63 Este,david.ávila678@ejemplo.test,3262965746:TIT:OWN:TIT,,,Y,Y,,,,,20260901
0007000498,1,Ever,Javier,Escobar,Gutiérrez,,,1,19420216,ZCC,959425232,ZAFI,A,AF-000498,A,CO,VAL,76001,Diagonal 44F # 30-1 Este,ever.chacón679@ejemplo.test,3256046154:TIT:OWN:TIT,,,Y,Y,,,,,20260901
0007000499,1,Julio,Fabián,Ávila,Muñoz,,,1,19501005,ZCC,936938224,ZAFI,B,AF-000499,A,CO,VAL,76001,Cr. 5ª # 7-11,julio.suárez680@ejemplo.test,3098343675:TIT:OWN:TIT,,,Y,Y,,,,,20260901
0007000500,1,Camilo,Edgar,Pérez,Ardila,,,1,19511021,ZCC,924475277,ZAFI,A,AF-000500,A,CO,CUN,25754,Cl. 70 # 9-7,camilo.lópez681@ejemplo.test,3389181844:TIT:OWN:TIT,,,Y,Y,,,,,20260901
0007000501,1,Luz,,Quiroga,Vega,,,2,19680205,ZCC,934651503,ZAFI,C,AF-000501,A,CO,CUN,25754,Cr. 35H # 73-7 Sur,luz.morales682@ejemplo.test,3131849701:TIT:OWN:TIT,,,Y,Y,,,,,20260901
0007000502,1,Alfonso,Josué,Arango,Hoyos,,,1,19860605,ZCC,934743844,ZAFI,A,AF-000502,A,CO,VAL,76001,Cl. 24N # 9-33 Sur,alfonso.rodríguez683@ejemplo.test,3395770344:TIT:OWN:TIT,,,Y,Y,,,,,20260901
0007000503,1,Kevin,,Rodríguez,Moreno,,,1,19660904,ZCC,992341631,ZAFI,B,AF-000503,A,CO,CUN,25754,Dg. 97M # 52-3 Este,kevin.bonilla684@ejemplo.test,3414041352:TIT:OWN:TIT,,,Y,Y,,,,,20260901
0007000504,1,Edwin,,Díaz,Rojas,,,1,19420117,ZCC,966263158,ZAFI,A,AF-000504,A,CO,ANT,05001,Avenida calle 4ª # 5-2 Este,edwin.caballero685@ejemplo.test,3336754617:TIT:OWN:TIT,,,Y,Y,,,,,20260901
0007000505,1,Mirian,Mercedes,Flórez,Pérez,,,2,19500129,ZCC,994255671,ZAFI,B,AF-000505,A,CO,CUN,25754,Calle 47P # 8T-77 Este,mirian.ortiz687@ejemplo.test,3445029270:TIT:OWN:TIT,,,Y,Y,,,,,20260901
0007000506,1,José,Jhoan,Caicedo,Alfonso,,,1,19900519,ZCC,948288486,ZAFI,B,AF-000506,A,CO,CUN,25754,Avenida calle 55 # 3-6 Sur,josé.cortés688@ejemplo.test,3035947701:TIT:OWN:TIT,,,Y,Y,,,,,20260901
0007000507,1,Enrique,William,Martínez,Mesa,,,1,19510604,ZCC,980544800,ZAFI,A,AF-000507,A,CO,CUN,25754,Carrera 168K # 74R-4 Sur,enrique.vargas691@ejemplo.test,3157863448:TIT:OWN:TIT,,,Y,Y,,,,,20260901
0007000508,1,Isabel,,Naranjo,González,,,2,19410326,ZCC,938747386,ZAFI,C,AF-000508,A,CO,ANT,05001,Cr. 168 # 7-94 Este,isabel.rodríguez692@ejemplo.test,3383593374:TIT:OWN:TIT,,,Y,Y,,,,,20260901
0007000509,1,Carmen,Diana,Giraldo,Márquez,,,2,19620522,ZCC,933422852,ZAFI,A,AF-000509,A,CO,BOG,11001,Cr. 10 # 9-78,carmen.gutiérrez693@ejemplo.test,3388686443:TIT:OWN:TIT,,,Y,Y,,,,,20260901
0007000510,1,Edna,,Barrera,Castaño,,,2,19420822,ZCC,965415396,ZAFI,B,AF-000510,A,CO,CUN,25286,Cr. 70X # 3-7 Este,edna.moreno695@ejemplo.test,3268489564:TIT:OWN:TIT,,,Y,Y,,,,,20260901
0007000511,1,Patricia,,Mora,Rojas,,,2,19450522,ZCC,912236070,ZAFI,B,AF-000511,A,CO,CUN,25286,Avenida calle 190 # 8-3 Este,patricia.ávila697@ejemplo.test,3013174394:TIT:OWN:TIT,,,Y,Y,,,,,20260901
0007000512,1,Jhoana,Marcela,Lara,Osorio,,,2,19871121,ZCC,940129345,ZAFI,C,AF-000512,A,CO,ANT,05001,Calle 98 # 9-79 Este,jhoana.bonilla698@ejemplo.test,3091509711:TIT:OWN:TIT,,,Y,Y,,,,,20260901
0007000513,1,Enrique,José,Ramírez,Vargas,,,1,19600627,ZCC,926181888,ZAFI,C,AF-000513,A,CO,CUN,25286,Avenida calle 3ª # 1-79 Este,enrique.gonzález700@ejemplo.test,3119480891:TIT:OWN:TIT,,,Y,Y,,,,,20260901
0007000514,1,Edwin,,Blanco,Gutiérrez,,,1,19590704,ZPAS,954985185,ZAFI,B,AF-000514,A,CO,CUN,25754,Tr. 2I # 2C-86 Sur,edwin.vargas701@ejemplo.test,3054856832:TIT:OWN:TIT,,,Y,Y,,,,,20260901
0007000515,1,Guillermo,Leonardo,Bautista,Sepúlveda,,,1,19421012,ZCC,988343132,ZAFI,B,AF-000515,A,CO,BOG,11001,Calle 125 # 45P-87 Este,guillermo.gómez702@ejemplo.test,3010554007:TIT:OWN:TIT,,,Y,Y,,,,,20260901
0007000516,1,María,Fernanda,López,Castillo,,,2,19760901,ZCC,995467037,ZAFI,C,AF-000516,A,CO,ANT,05001,Cl. 50 # 77-2 Este,maría.lópez703@ejemplo.test,3492498613:TIT:OWN:TIT,,,Y,Y,,,,,20260901
0007000517,1,Rafael,,López,Narváez,,,1,19700117,ZCE,959108587,ZAFI,B,AF-000517,A,CO,ANT,05001,Cr. 6P # 5-8 Sur,rafael.olaya706@ejemplo.test,3479838454:TIT:OWN:TIT,,,Y,Y,,,,,20260901
0007000518,1,Angie,,Camargo,Martínez,,,2,19790319,ZCE,947863531,ZAFI,C,AF-000518,A,CO,VAL,76001,Tr. 171W Sur # 22W-3 Este,angie.suárez707@ejemplo.test,3271870537:TIT:OWN:TIT,,,Y,Y,,,,,20260901
0007000519,1,Jaime,Raúl,Montoya,Bermúdez,,,1,20010930,ZCC,994199225,ZAFI,B,AF-000519,A,CO,VAL,76001,Cr. 8ª # 6-16 Sur,jaime.ruiz709@ejemplo.test,3263336912:TIT:OWN:TIT,,,Y,Y,,,,,20260901
0007000520,1,Marina,,Chávez,Hernández,,,2,19700803,ZCC,986135369,ZAFI,B,AF-000520,A,CO,CUN,25286,Cl. 2S # 49-5 Este,marina.páez711@ejemplo.test,3416703849:TIT:OWN:TIT,,,Y,Y,,,,,20260901
0007000521,1,Lucía,Gloria,Rojas,González,,,2,19900604,ZCC,954934947,ZAFI,A,AF-000521,A,CO,BOG,11001,Carrera 8ª # 6-8,lucía.patiño713@ejemplo.test,3110208338:TIT:OWN:TIT,,,Y,Y,,,,,20260901
0007000522,1,Milena,,Gómez,Álvarez,,,2,19971218,ZCE,980223520,ZAFI,C,AF-000522,A,CO,CUN,25286,Carrera 9ª # 9-78 Este,milena.castro714@ejemplo.test,3048134745:TIT:OWN:TIT,,,Y,Y,,,,,20260901
0007000523,1,Valentina,Mariana,Campo,Duarte,,,2,20000824,ZCC,914182722,ZAFI,C,AF-000523,A,CO,VAL,76001,Av. calle 1ª # 3N-9,valentina.ramírez716@ejemplo.test,3228007696:TIT:OWN:TIT,,,Y,Y,,,,,20260901
0007000524,1,Paola,Luz,Gallego,Vega,,,2,19920227,ZCC,914267387,ZAFI,C,AF-000524,A,CO,BOG,11001,Cl. 95T # 72-57 Este,paola.escobar718@ejemplo.test,3240843082:TIT:OWN:TIT,,,Y,Y,,,,,20260901
0007000525,1,Teresa,Leidy,Mendoza,Castro,,,2,19761212,ZCC,922391654,ZAFI,C,AF-000525,A,CO,CUN,25754,Calle 7ª # 57-46,teresa.narváez719@ejemplo.test,3315355328:TIT:OWN:TIT,,,Y,Y,,,,,20260901
0007000526,1,Camilo,Carlos,Daza,Posada,,,1,19560805,ZCC,980681309,ZAFI,B,AF-000526,A,CO,CUN,25286,Avenida calle 80 # 77-40,camilo.cruz720@ejemplo.test,3380102300:TIT:OWN:TIT,,,Y,Y,,,,,20260901
0007000527,1,David,Andrés,Silva,Molina,,,1,20040502,ZCC,969926276,ZAFI,B,AF-000527,A,CO,BOG,11001,Av. calle 1ª # 1M-5,david.vargas721@ejemplo.test,3372903951:TIT:OWN:TIT,,,Y,Y,,,,,20260901
0007000528,1,Johana,María,Córdoba,Fajardo,,,2,19891205,ZPPT,989117546,ZAFI,C,AF-000528,A,CO,ANT,05001,Cr. 143B # 5-5,johana.campo722@ejemplo.test,3055127640:TIT:OWN:TIT,,,Y,Y,,,,,20260901
0007000529,1,Eduardo,,Escobar,Arias,,,1,19861102,ZCC,917216157,ZAFI,A,AF-000529,A,CO,VAL,76001,Diagonal 87 # 39-96,eduardo.pinzón723@ejemplo.test,3061345387:TIT:OWN:TIT,,,Y,Y,,,,,20260901
0007000530,1,Antonio,,López,Figueroa,,,1,19831026,ZCC,985952750,ZAFI,A,AF-000530,A,CO,CUN,25754,Cr. 33 # 5-91 Sur,antonio.acevedo725@ejemplo.test,3216850980:TIT:OWN:TIT,,,Y,Y,,,,,20260901
0007000531,1,Germán,Daniel,García,Ortiz,,,1,19941228,ZCC,984443111,ZAFI,B,AF-000531,A,CO,BOG,11001,Avenida Eugenia Rocío Hurtado Salcedo # 4P-4 Sur,germán.gil726@ejemplo.test,3415207957:TIT:OWN:TIT,,,Y,Y,,,,,20260901
0007000532,1,Eliecer,Germán,Lozano,Cruz,,,1,19560327,ZCC,919803786,ZAFI,B,AF-000532,A,CO,CUN,25286,Cr. 88 # 82-32 Sur,eliecer.loaiza727@ejemplo.test,3098095525:TIT:OWN:TIT,,,Y,Y,,,,,20260901
0007000533,1,Ana,Jenny,Carrillo,Camacho,,,2,19890731,ZCC,969261325,ZAFI,C,AF-000533,A,CO,ANT,05001,Cr. 3E # 56-23 Este,ana.rivera729@ejemplo.test,3376968588:TIT:OWN:TIT,,,Y,Y,,,,,20260901
0007000534,1,Eugenia,,Castellanos,Martínez,,,2,19860807,ZCC,966674003,ZAFI,B,AF-000534,A,CO,CUN,25286,Cl. 6 Bis # 4-29 Sur,eugenia.gonzález730@ejemplo.test,3380839815:TIT:OWN:TIT,,,Y,Y,,,,,20260901
0007000535,1,Rubén,,Bermúdez,Ospino,,,1,19901020,ZPPT,923955702,ZAFI,A,AF-000535,A,CO,CUN,25754,Calle 74 # 61R-86,rubén.díaz732@ejemplo.test,3159490213:TIT:OWN:TIT,,,Y,Y,,,,,20260901
0007000536,1,Cindy,Eugenia,Castañeda,Barrios,,,2,19871213,ZCC,938231752,ZAFI,A,AF-000536,A,CO,ANT,05001,Cr. 46 # 91G-34 Sur,cindy.molina733@ejemplo.test,3259379156:TIT:OWN:TIT,,,Y,Y,,,,,20260901
0007000537,1,César,Ángel,Alarcón,Castro,,,1,19981108,ZCC,985239314,ZAFI,A,AF-000537,A,CO,ANT,05001,Cr. 2ª # 6-20 Este,césar.mesa734@ejemplo.test,3441834225:TIT:OWN:TIT,,,Y,Y,,,,,20260901
0007000538,1,Manuel,Ricardo,Correa,Rueda,,,1,20050222,ZCC,911525299,ZAFI,B,AF-000538,A,CO,ANT,05001,Cr. 5ª # 4D-99 Sur,manuel.figueroa735@ejemplo.test,3459427068:TIT:OWN:TIT,,,Y,Y,,,,,20260901
0007000539,1,Alejandro,Carlos,Fernández,Cabrera,,,1,19841028,ZCC,941416390,ZAFI,C,AF-000539,A,CO,CUN,25286,Cl. 3ª # 5-44 Este,alejandro.gómez736@ejemplo.test,3095120646:TIT:OWN:TIT,,,Y,Y,,,,,20260901
0007000540,1,José,Darwin,Molina,Córdoba,,,1,19740112,ZCC,964268730,ZAFI,B,AF-000540,A,CO,BOG,11001,Carrera 2ª # 8-68,josé.cardona737@ejemplo.test,3330240203:TIT:OWN:TIT,,,Y,Y,,,,,20260901
0007000541,1,María,Jenny,Díaz,Castellanos,,,2,19490708,ZCC,912126439,ZAFI,B,AF-000541,A,CO,BOG,11001,Tr. 46 # 4O-1,maría.maldonado738@ejemplo.test,3283391457:TIT:OWN:TIT,,,Y,Y,,,,,20260901
0007000542,1,Esther,Miriam,Duarte,Jiménez,,,2,20080506,ZPPT,977913013,ZAFI,B,AF-000542,A,CO,BOG,11001,Calle 9ª # 6-6 Sur,esther.castaño739@ejemplo.test,3474609429:TIT:OWN:TIT,,,Y,Y,,,,,20260901
0007000543,1,Wendy,Marcela,Patiño,Calderón,,,2,19801102,ZCC,994851989,ZAFI,C,AF-000543,A,CO,CUN,25754,Calle 97 # 8-63,wendy.contreras740@ejemplo.test,3474794519:TIT:OWN:TIT,,,Y,Y,,,,,20260901
0007000544,1,Luz,,Villamil,Morales,,,2,19610728,ZCC,939341217,ZAFI,C,AF-000544,A,CO,BOG,11001,Cr. 84 # 3-2 Este,luz.galindo742@ejemplo.test,3387718551:TIT:OWN:TIT,,,Y,Y,,,,,20260901
0007000545,1,Isabel,Lilia,Villamizar,Martínez,,,2,19681010,ZCC,977941264,ZAFI,B,AF-000545,A,CO,CUN,25286,Cr. 8ª # 33C-64 Este,isabel.duarte743@ejemplo.test,3193512861:TIT:OWN:TIT,,,Y,Y,,,,,20260901
0007000546,1,Juan,José,Córdoba,Lozano,,,1,20020110,ZCC,972390654,ZAFI,B,AF-000546,A,CO,ANT,05001,Carrera 45 # 81-8,juan.ocampo744@ejemplo.test,3478101764:TIT:OWN:TIT,,,Y,Y,,,,,20260901
0007000547,1,Consuelo,Ligia,Trujillo,Martínez,,,2,19710718,ZPAS,996419092,ZAFI,A,AF-000547,A,CO,ANT,05001,Cl. 4ª # 4-12 Sur,consuelo.contreras745@ejemplo.test,3188056369:TIT:OWN:TIT,,,Y,Y,,,,,20260901
0007000548,1,Andrés,William,Zapata,Jiménez,,,1,19580928,ZCC,939296580,ZAFI,A,AF-000548,A,CO,VAL,76001,Cr. 11 # 1-5 Sur,andrés.ochoa746@ejemplo.test,3099560004:TIT:OWN:TIT,,,Y,Y,,,,,20260901
0007000549,1,Ramón,Eduar,Torres,Ospino,,,1,19701113,ZCC,957069214,ZAFI,A,AF-000549,A,CO,CUN,25286,Cr. 1I Bis F # 6-91,ramón.bernal747@ejemplo.test,3180599237:TIT:OWN:TIT,,,Y,Y,,,,,20260901
0007000550,1,Mario,Alberto,Bolaños,Calderón,,,1,20080211,ZCC,923572147,ZAFI,A,AF-000550,A,CO,CUN,25286,Av. Gerardo Jairo Pabón Galvis # 45-85 Este,mario.velandia748@ejemplo.test,3288773239:TIT:OWN:TIT,,,Y,Y,,,,,20260901
0007000551,1,Rafael,,Guerrero,Fernández,,,1,19590422,ZCC,973838689,ZAFI,B,AF-000551,A,CO,VAL,76001,Cr. 199 # 75-1 Este,rafael.obando749@ejemplo.test,3287673289:TIT:OWN:TIT,,,Y,Y,,,,,20260901
0007000552,1,Beatriz,Claudia,Puentes,López,,,2,19501225,ZCC,966204375,ZAFI,A,AF-000552,A,CO,CUN,25286,Cr. 8O Bis # 6-8 Este,beatriz.hernández750@ejemplo.test,3222766999:TIT:OWN:TIT,,,Y,Y,,,,,20260901
0007000553,1,Marina,,Rodríguez,Espinosa,,,2,19810725,ZCC,983426343,ZAFI,B,AF-000553,A,CO,ANT,05001,Carrera 6K # 17-56,marina.franco751@ejemplo.test,3298738428:TIT:OWN:TIT,,,Y,Y,,,,,20260901
0007000554,1,Marlon,Alfredo,Rubio,Quintero,,,1,19890201,ZCC,998568098,ZAFI,C,AF-000554,A,CO,ANT,05001,Diagonal 52 # 5Y-9 Sur,marlon.cortés752@ejemplo.test,3059205321:TIT:OWN:TIT,,,Y,Y,,,,,20260901
0007000555,1,Ana,,Jaramillo,González,,,2,19790123,ZCC,927422152,ZAFI,C,AF-000555,A,CO,BOG,11001,Diagonal 198 # 93-3,ana.parra753@ejemplo.test,3352605060:TIT:OWN:TIT,,,Y,Y,,,,,20260901
0007000556,1,Yohana,,Castillo,López,,,2,20010103,ZCC,955086402,ZAFI,C,AF-000556,A,CO,CUN,25286,Cl. 80 # 1Z-35 Este,yohana.pérez755@ejemplo.test,3151477679:TIT:OWN:TIT,,,Y,Y,,,,,20260901
0007000557,1,Olga,,Cárdenas,Acosta,,,2,20060222,ZCC,922652095,ZAFI,A,AF-000557,A,CO,ANT,05001,Cr. 44U # 2-6 Este,olga.triana756@ejemplo.test,3247237488:TIT:OWN:TIT,,,Y,Y,,,,,20260901
0007000558,1,Andrea,,Mejía,Estrada,,,2,19731104,ZCC,911082502,ZAFI,C,AF-000558,A,CO,CUN,25286,Transversal 22 # 95-5,andrea.ortiz757@ejemplo.test,3414707169:TIT:OWN:TIT,,,Y,Y,,,,,20260901
0007000559,1,Diana,,Vásquez,Cortés,,,2,19510103,ZCC,971463864,ZAFI,B,AF-000559,A,CO,CUN,25286,Calle 25 # 28-83,diana.molina758@ejemplo.test,3414568558:TIT:OWN:TIT,,,Y,Y,,,,,20260901
0007000560,1,David,José,Zapata,Angulo,,,1,19810309,ZPPT,947661290,ZAFI,B,AF-000560,A,CO,BOG,11001,Tr. 17 # 96-4,david.molina759@ejemplo.test,3168169219:TIT:OWN:TIT,,,Y,Y,,,,,20260901
0007000561,1,Consuelo,Mayerly,Marín,Rojas,,,2,19800718,ZCC,993894706,ZAFI,B,AF-000561,A,CO,ANT,05001,Tr. 51 # 44-72,consuelo.valencia760@ejemplo.test,3458970837:TIT:OWN:TIT,,,Y,Y,,,,,20260901
0007000562,1,Edinson,,Rueda,Duque,,,1,19430523,ZCC,943740229,ZAFI,A,AF-000562,A,CO,BOG,11001,Carrera 190 # 37-93,edinson.montoya761@ejemplo.test,3345644049:TIT:OWN:TIT,,,Y,Y,,,,,20260901
0007000563,1,Andrea,Omaira,Herrera,Santos,,,2,19490408,ZCC,965865409,ZAFI,A,AF-000563,A,CO,CUN,25286,Av. Castro # 4-33,andrea.molina762@ejemplo.test,3062844204:TIT:OWN:TIT,,,Y,Y,,,,,20260901
0007000564,1,Pilar,,Rangel,Rojas,,,2,20001011,ZCC,993807724,ZAFI,B,AF-000564,A,CO,VAL,76001,Transversal 7ª # 8-1 Este,pilar.martínez763@ejemplo.test,3422673175:TIT:OWN:TIT,,,Y,Y,,,,,20260901
0007000565,1,Rosa,Inés,Posada,Guevara,,,2,19740531,ZCC,986434158,ZAFI,B,AF-000565,A,CO,ANT,05001,Transversal 33 # 5-66,rosa.ocampo764@ejemplo.test,3242323662:TIT:OWN:TIT,,,Y,Y,,,,,20260901
0007000566,1,Juan,Moisés,Herrera,Duarte,,,1,19600125,ZCC,996955788,ZAFI,B,AF-000566,A,CO,VAL,76001,Cr. 8 Bis J # 7-55 Sur,juan.betancur765@ejemplo.test,3478811122:TIT:OWN:TIT,,,Y,Y,,,,,20260901
0007000567,1,Eduar,,Silva,Parra,,,1,19490428,ZCC,926991980,ZAFI,B,AF-000567,A,CO,CUN,25754,Avenida Peña # 52-8 Este,eduar.pineda766@ejemplo.test,3091794462:TIT:OWN:TIT,,,Y,Y,,,,,20260901
0007000568,1,Alexander,Jonathan,Martínez,Guerrero,,,1,19580510,ZPAS,952248086,ZAFI,B,AF-000568,A,CO,BOG,11001,Avenida Arias # 51-8 Sur,alexander.aguirre767@ejemplo.test,3313312575:TIT:OWN:TIT,,,Y,Y,,,,,20260901
0007000569,1,Nury,,Morales,Ortiz,,,2,19531219,ZCC,992482535,ZAFI,A,AF-000569,A,CO,CUN,25286,Cr. 197D # 7Q-6,nury.vega769@ejemplo.test,3047481830:TIT:OWN:TIT,,,Y,Y,,,,,20260901
0007000570,1,Claudia,,García,Cortés,,,2,19460225,ZCC,916743077,ZAFI,B,AF-000570,A,CO,BOG,11001,Calle 6ª # 66-20 Sur,claudia.contreras771@ejemplo.test,3319762499:TIT:OWN:TIT,,,Y,Y,,,,,20260901
0007000571,1,Andrés,Carlos,Flórez,Hernández,,,1,19601231,ZCC,943918674,ZAFI,A,AF-000571,A,CO,CUN,25286,Cl. 73 # 69-6,andrés.parra772@ejemplo.test,3262625579:TIT:OWN:TIT,,,Y,Y,,,,,20260901
0007000572,1,Francisco,,Ballesteros,Córdoba,,,1,19830223,ZPAS,918087234,ZAFI,B,AF-000572,A,CO,VAL,76001,Calle 95X # 16-3,francisco.quiroz773@ejemplo.test,3199872051:TIT:OWN:TIT,,,Y,Y,,,,,20260901
0007000573,1,Diego,Jhon,Montoya,Rico,,,1,19961203,ZCC,997972146,ZAFI,C,AF-000573,A,CO,VAL,76001,Av. calle 9ª # 5M-41 Sur,diego.lópez774@ejemplo.test,3291715580:TIT:OWN:TIT,,,Y,Y,,,,,20260901
0007000574,1,John,Augusto,Duque,Portilla,,,1,19990228,ZCC,948789389,ZAFI,A,AF-000574,A,CO,CUN,25286,Tr. 6ª # 49-77 Sur,john.rodríguez775@ejemplo.test,3127157722:TIT:OWN:TIT,,,Y,Y,,,,,20260901
0007000575,1,Liliana,Carmen,Carmona,Rodríguez,,,2,19650304,ZCC,925717394,ZAFI,B,AF-000575,A,CO,BOG,11001,Carrera 24 # 6-49,liliana.velásquez776@ejemplo.test,3016500972:TIT:OWN:TIT,,,Y,Y,,,,,20260901
0007000576,1,Alejandro,Enrique,Ocampo,Ramos,,,1,19930311,ZCC,916369842,ZAFI,C,AF-000576,A,CO,BOG,11001,Av. Ramos # 81-95 Sur,alejandro.martínez777@ejemplo.test,3318531493:TIT:OWN:TIT,,,Y,Y,,,,,20260901
0007000577,1,Elizabeth,,Vargas,Moreno,,,2,19840420,ZCC,962251108,ZAFI,C,AF-000577,A,CO,ANT,05001,Calle 30K # 57R-27,elizabeth.vélez778@ejemplo.test,3015222135:TIT:OWN:TIT,,,Y,Y,,,,,20260901
0007000578,1,Óscar,,Castellanos,Marín,,,1,19770417,ZCC,990455094,ZAFI,C,AF-000578,A,CO,ANT,05001,Carrera 72Y # 9N-2 Este,óscar.arango779@ejemplo.test,3186448499:TIT:OWN:TIT,,,Y,Y,,,,,20260901
0007000579,1,Cristina,,Rangel,Castro,,,2,19880119,ZCC,964277302,ZAFI,B,AF-000579,A,CO,ANT,05001,Cl. 5H # 11-70 Sur,cristina.pabón780@ejemplo.test,3281883982:TIT:OWN:TIT,,,Y,Y,,,,,20260901
0007000580,1,Bernardo,David,Ramírez,Pineda,,,1,19450421,ZCC,963859149,ZAFI,B,AF-000580,A,CO,ANT,05001,Carrera 77 # 26-8 Este,bernardo.garcía781@ejemplo.test,3085981424:TIT:OWN:TIT,,,Y,Y,,,,,20260901
0007000581,1,Carolina,Jimena,Toro,Rodríguez,,,2,19881031,ZCC,934989075,ZAFI,C,AF-000581,A,CO,VAL,76001,Carrera 58 # 91-2 Este,carolina.ceballos782@ejemplo.test,3249793508:TIT:OWN:TIT,,,Y,Y,,,,,20260901
0007000582,1,Alonso,,Peña,Camacho,,,1,19661219,ZCC,926811414,ZAFI,A,AF-000582,A,CO,BOG,11001,Cr. 9 Sur # 82-2,alonso.salazar783@ejemplo.test,3338561945:TIT:OWN:TIT,,,Y,Y,,,,,20260901
0007000583,1,Jaime,,Pedraza,Gómez,,,1,20060227,ZCC,910814611,ZAFI,A,AF-000583,A,CO,ANT,05001,Av. Pérez # 64-99 Sur,jaime.arrieta784@ejemplo.test,3072212450:TIT:OWN:TIT,,,Y,Y,,,,,20260901
0007000584,1,Wilson,Andrés,Muñoz,López,,,1,19420216,ZCC,919286166,ZAFI,C,AF-000584,A,CO,CUN,25754,Cr. 97 # 41-2 Este,wilson.vélez785@ejemplo.test,3199481227:TIT:OWN:TIT,,,Y,Y,,,,,20260901
0007000585,1,Juan,Javier,Díaz,Castro,,,1,19570203,ZCC,926415143,ZAFI,C,AF-000585,A,CO,BOG,11001,Av. calle 6ª # 12-3 Este,juan.obando787@ejemplo.test,3048976432:TIT:OWN:TIT,,,Y,Y,,,,,20260901
0007000586,1,Miguel,Gustavo,Burbano,López,,,1,19591026,ZCC,972550429,ZAFI,B,AF-000586,A,CO,VAL,76001,Av. carrera 120 # 7-11,miguel.garcía789@ejemplo.test,3395951530:TIT:OWN:TIT,,,Y,Y,,,,,20260901
0007000587,1,Benjamín,,Sierra,Ojeda,,,1,19980307,ZCC,927724864,ZAFI,C,AF-000587,A,CO,CUN,25286,Cr. 36 # 24-5,benjamín.fuentes791@ejemplo.test,3466158741:TIT:OWN:TIT,,,Y,Y,,,,,20260901
0007000588,1,Dora,Ruby,Zuluaga,Parra,,,2,19721019,ZCC,964391354,ZAFI,C,AF-000588,A,CO,CUN,25286,Cr. 90 # 5-5,dora.ramírez792@ejemplo.test,3131206100:TIT:OWN:TIT,,,Y,Y,,,,,20260901
0007000589,1,Katerine,Johanna,Díaz,Rodríguez,,,2,20080806,ZCC,953660293,ZAFI,A,AF-000589,A,CO,ANT,05001,Avenida Barbacoas # 7-8 Este,katerine.rincón793@ejemplo.test,3350301009:TIT:OWN:TIT,,,Y,Y,,,,,20260901
0007000590,1,Estela,Erika,Camargo,García,,,2,19640920,ZCC,960725160,ZAFI,B,AF-000590,A,CO,CUN,25754,Cl. 43 # 1-8 Sur,estela.niño795@ejemplo.test,3280871557:TIT:OWN:TIT,,,Y,Y,,,,,20260901
0007000591,1,Manuel,Óscar,Arboleda,Becerra,,,1,19731209,ZCC,983945264,ZAFI,C,AF-000591,A,CO,CUN,25286,Avenida carrera 100 # 8P-57 Sur,manuel.moreno796@ejemplo.test,3384882296:TIT:OWN:TIT,,,Y,Y,,,,,20260901
0007000592,1,Sebastián,Jeisson,Solano,Martínez,,,1,19751227,ZPAS,936281347,ZAFI,A,AF-000592,A,CO,VAL,76001,Carrera 5ª # 64I-6 Este,sebastián.cabrera797@ejemplo.test,3258246699:TIT:OWN:TIT,,,Y,Y,,,,,20260901
0007000593,1,Victoria,Carolina,Vargas,Bastidas,,,2,19790811,ZCC,969956857,ZAFI,B,AF-000593,A,CO,CUN,25286,Dg. 194 # 5-15,victoria.quintero798@ejemplo.test,3421783952:TIT:OWN:TIT,,,Y,Y,,,,,20260901
0007000594,1,Norbey,Fabio,Gómez,Medina,,,1,19610206,ZCE,981112909,ZAFI,C,AF-000594,A,CO,CUN,25754,Av. Gutiérrez # 56-4,norbey.garcía799@ejemplo.test,3371849400:TIT:OWN:TIT,,,Y,Y,,,,,20260901
0007000595,2,,,,,Granados Inc S.A.,GRANADOS INC,,,ZNIT,834287814-6,ZEMP,,,,CO,CUN,25754,Avenida carrera 115 # 6R-74 Sur,rrhh@granados.test,6014262006:TIT:OWN:TIT,,,Y,N,,,,SA,20260901
0007000596,2,,,,,Fundación Moreno-Meza,MORENO-MEZA,,,ZNIT,877873196-2,ZEMP,,,,CO,CUN,25286,Calle 126 # 29C-4,rrhh@moreno-meza.test,6015602184:TIT:OWN:TIT,,,Y,N,,,,ESAL,20260901
0007000597,2,,,,,Fundación Martínez-Aguirre,MARTÍNEZ-AGUIRRE,,,ZNIT,890776832-0,ZEMP,,,,CO,CUN,25754,Cr. 2ª # 4-67,rrhh@martínez-aguirre.test,6019457787:TIT:OWN:TIT,,,Y,N,,,,ESAL,20260901
0007000598,2,,,,,Guzmán Acosta and Muñoz Ltda.,GUZMÁN ACOSTA AND MUÑOZ,,,ZNIT,845767653-7,ZEMP,,,,CO,CUN,25754,Carrera 2C # 80-67 Sur,rrhh@guzmán.test,6019154838:TIT:OWN:TIT,,,Y,N,,,,LTDA,20260901
0007000599,2,,,,,Fundación Arévalo-Jiménez,ARÉVALO-JIMÉNEZ,,,ZNIT,883565985-8,ZEMP,,,,CO,CUN,25754,Cr. 2ª # 40-5,rrhh@arévalo-jiménez.test,6017356503:TIT:OWN:TIT,,,Y,N,,,,ESAL,20260901
0007000600,2,,,,,Gaitán Gómez and Aguilar Ltda.,GAITÁN GÓMEZ AND AGUILAR,,,ZNIT,868972384-2,ZEMP,,,,CO,CUN,25286,Cr. 52L # 9-9,rrhh@gaitán.test,6017550396:TIT:OWN:TIT,,,Y,N,,,,LTDA,20260901
0007000601,2,,,,,Osorio Rojas and Triana S.A.,OSORIO ROJAS AND TRIANA,,,ZNIT,885818089-8,ZEMP,,,,CO,ANT,05001,Tr. 99 # 1-10 Este,rrhh@osorio.test,6014570914:TIT:OWN:TIT,,,Y,N,,,,SA,20260901
0007000602,2,,,,,Fundación Rosero Inc,ROSERO INC,,,ZNIT,884633018-6,ZEMP,,,,CO,VAL,76001,Carrera 47 # 9-36 Este,rrhh@rosero.test,6019920325:TIT:OWN:TIT,,,Y,N,,,,ESAL,20260901
0007000603,2,,,,,Pérez-Rivera Ltda.,PÉREZ-RIVERA,,,ZNIT,868176427-6,ZEMP,,,,CO,CUN,25286,Cr. 69 # 3-1 Este,rrhh@pérez-rivera.test,6011399291:TIT:OWN:TIT,,,Y,N,,,,LTDA,20260901
0007000604,2,,,,,Miranda Group Ltda.,MIRANDA GROUP,,,ZNIT,813841700-5,ZEMP,,,,CO,BOG,11001,Transversal 3ª # 69S-5 Sur,rrhh@miranda.test,6015834239:TIT:OWN:TIT,,,Y,N,,,,LTDA,20260901
0007000605,2,,,,,Caicedo PLC S.A.,CAICEDO PLC,,,ZNIT,826039304-1,ZEMP,,,,CO,VAL,76001,Avenida calle 47 # 46-4,rrhh@caicedo.test,6013990419:TIT:OWN:TIT,,,Y,N,,,,SA,20260901
0007000606,2,,,,,Cárdenas Ltd S.A.S.,CÁRDENAS LTD,,,ZNIT,843168433-6,ZEMP,,,,CO,CUN,25286,Diagonal 8K Sur # 42-3,rrhh@cárdenas.test,6016825134:TIT:OWN:TIT,,,Y,N,,,,SAS,20260901
0007000607,2,,,,,Fundación Arteaga PLC,ARTEAGA PLC,,,ZNIT,879742535-1,ZEMP,,,,CO,VAL,76001,Dg. 9C # 1-4 Este,rrhh@arteaga.test,6013967469:TIT:OWN:TIT,,,Y,N,,,,ESAL,20260901
0007000608,2,,,,,Fundación Bernal-Naranjo,BERNAL-NARANJO,,,ZNIT,846460646-1,ZEMP,,,,CO,CUN,25286,Av. Ever Rafael Trujillo # 6-68 Sur,rrhh@bernal-naranjo.test,6019965673:TIT:OWN:TIT,,,Y,N,,,,ESAL,20260901
0007000609,2,,,,,Pineda Ltd S.A.S.,PINEDA LTD,,,ZNIT,828783746-9,ZEMP,,,,CO,CUN,25754,Avenida Guasca # 68-86 Sur,rrhh@pineda.test,6017560535:TIT:OWN:TIT,,,Y,N,,,,SAS,20260901
0007000610,2,,,,,Sierra Caicedo and Carvajal S.A.,SIERRA CAICEDO AND CARVAJAL,,,ZNIT,867533818-0,ZEMP,,,,CO,ANT,05001,Carrera 176 # 54-71 Este,rrhh@sierra.test,6012803326:TIT:OWN:TIT,,,Y,N,,,,SA,20260901
0007000611,2,,,,,Gil and Sons S.A.S.,GIL AND SONS,,,ZNIT,822295934-1,ZEMP,,,,CO,CUN,25754,Calle 1ª # 85I-2,rrhh@gil.test,6018793971:TIT:OWN:TIT,,,Y,N,,,,SAS,20260901
0007000612,2,,,,,Fundación Yepes Padilla and Monsalve,YEPES PADILLA AND MONSALVE,,,ZNIT,864467435-1,ZEMP,,,,CO,CUN,25286,Cl. 76I Sur # 7Y-71 Este,rrhh@yepes.test,6011376634:TIT:OWN:TIT,,,Y,N,,,,ESAL,20260901
0007000613,2,,,,,Gil LLC S.A.S.,GIL LLC,,,ZNIT,856105680-6,ZEMP,,,,CO,ANT,05001,Cr. 4Q # 81-3,rrhh@gil.test,6012467792:TIT:OWN:TIT,,,Y,N,,,,SAS,20260901
0007000614,2,,,,,Navarro Group S.A.S.,NAVARRO GROUP,,,ZNIT,832258053-7,ZEMP,,,,CO,VAL,76001,Cl. 90 # 20X-86,rrhh@navarro.test,6016076569:TIT:OWN:TIT,,,Y,N,,,,SAS,20260901
0007000615,2,,,,,Vanegas Hernández and Díaz S.A.S.,VANEGAS HERNÁNDEZ AND DÍAZ,,,ZNIT,885199121-9,ZEMP,,,,CO,ANT,05001,Av. carrera 19 # 6-8 Este,rrhh@vanegas.test,6019908138:TIT:OWN:TIT,,,Y,N,,,,SAS,20260901
0007000616,2,,,,,Contreras-Torres S.A.S.,CONTRERAS-TORRES,,,ZNIT,868693661-0,ZEMP,,,,CO,CUN,25754,Carrera 45 # 7-94,rrhh@contreras-torres.test,6016918229:TIT:OWN:TIT,,,Y,N,,,,SAS,20260901
0007000617,2,,,,,Contreras and Sons S.A.S.,CONTRERAS AND SONS,,,ZNIT,864723727-3,ZEMP,,,,CO,ANT,05001,Calle 36 Sur # 78-98,rrhh@contreras.test,6016262589:TIT:OWN:TIT,,,Y,N,,,,SAS,20260901
0007000618,2,,,,,Contreras-Mendoza S.A.S.,CONTRERAS-MENDOZA,,,ZNIT,890909653-1,ZEMP,,,,CO,BOG,11001,Calle 60 # 10-1 Este,rrhh@contreras-mendoza.test,6013094110:TIT:OWN:TIT,,,Y,N,,,,SAS,20260901
0007000619,2,,,,,Moreno Ltd Ltda.,MORENO LTD,,,ZNIT,882631662-3,ZEMP,,,,CO,ANT,05001,Cl. 166 # 42-1 Sur,rrhh@moreno.test,6019399005:TIT:OWN:TIT,,,Y,N,,,,LTDA,20260901
0007000620,2,,,,,Pérez Jaramillo and Zuluaga S.A.S.,PÉREZ JARAMILLO AND ZULUAGA,,,ZNIT,820070719-0,ZEMP,,,,CO,CUN,25286,Cr. 63X Bis # 7-62,rrhh@pérez.test,6013520483:TIT:OWN:TIT,,,Y,N,,,,SAS,20260901
0007000621,2,,,,,Vásquez Group Ltda.,VÁSQUEZ GROUP,,,ZNIT,890406129-4,ZEMP,,,,CO,BOG,11001,Calle 128 # 16-6,rrhh@vásquez.test,6019771491:TIT:OWN:TIT,,,Y,N,,,,LTDA,20260901
0007000622,2,,,,,Murillo Group Ltda.,MURILLO GROUP,,,ZNIT,868253098-6,ZEMP,,,,CO,BOG,11001,Avenida calle 187 # 1-30 Este,rrhh@murillo.test,6012104331:TIT:OWN:TIT,,,Y,N,,,,LTDA,20260901
0007000623,2,,,,,Alvarado Mendoza and Calderón S.A.,ALVARADO MENDOZA AND CALDERÓN,,,ZNIT,855126403-9,ZEMP,,,,CO,ANT,05001,Tr. 141 # 32-7 Sur,rrhh@alvarado.test,6016252909:TIT:OWN:TIT,,,Y,N,,,,SA,20260901
0007000624,2,,,,,Fundación Andrade Inc,ANDRADE INC,,,ZNIT,845347971-2,ZEMP,,,,CO,CUN,25286,Cr. 45 # 6-11 Este,rrhh@andrade.test,6019538705:TIT:OWN:TIT,,,Y,N,,,,ESAL,20260901
0007000625,2,,,,,Paz-Bastidas S.A.,PAZ-BASTIDAS,,,ZNIT,833336003-7,ZEMP,,,,CO,VAL,76001,Cl. 54 # 22-54 Sur,rrhh@paz-bastidas.test,6017485963:TIT:OWN:TIT,,,Y,N,,,,SA,20260901
0007000626,2,,,,,López Ltd S.A.,LÓPEZ LTD,,,ZNIT,841735403-0,ZEMP,,,,CO,VAL,76001,Calle 160Y # 6Z-80 Sur,rrhh@lópez.test,6017645360:TIT:OWN:TIT,,,Y,N,,,,SA,20260901
0007000627,2,,,,,Hurtado Group S.A.,HURTADO GROUP,,,ZNIT,879150726-0,ZEMP,,,,CO,CUN,25754,Carrera 97 # 3-3 Sur,rrhh@hurtado.test,6017793907:TIT:OWN:TIT,,,Y,N,,,,SA,20260901
0007000628,2,,,,,Vallejo Group S.A.S.,VALLEJO GROUP,,,ZNIT,891473141-2,ZEMP,,,,CO,CUN,25286,Calle 21 Bis E # 80-5,rrhh@vallejo.test,6011032829:TIT:OWN:TIT,,,Y,N,,,,SAS,20260901
0007000629,2,,,,,Rincón Ltd S.A.,RINCÓN LTD,,,ZNIT,876409984-8,ZEMP,,,,CO,BOG,11001,Transversal 7 Bis # 6-89,rrhh@rincón.test,6017921555:TIT:OWN:TIT,,,Y,N,,,,SA,20260901
0007000630,2,,,,,Fundación Niño-Martínez,NIÑO-MARTÍNEZ,,,ZNIT,835495268-1,ZEMP,,,,CO,CUN,25286,Calle 1N # 5-75 Este,rrhh@niño-martínez.test,6019404176:TIT:OWN:TIT,,,Y,N,,,,ESAL,20260901
0007000631,2,,,,,Fundación Naranjo Paz and Moreno,NARANJO PAZ AND MORENO,,,ZNIT,898012488-0,ZEMP,,,,CO,ANT,05001,Cl. 12 # 29-6 Sur,rrhh@naranjo.test,6017629579:TIT:OWN:TIT,,,Y,N,,,,ESAL,20260901
0007000632,2,,,,,Betancur Orjuela and Hernández S.A.,BETANCUR ORJUELA AND HERNÁNDEZ,,,ZNIT,812136419-2,ZEMP,,,,CO,BOG,11001,Cr. 4U # 2-70 Este,rrhh@betancur.test,6015486756:TIT:OWN:TIT,,,Y,N,,,,SA,20260901
0007000633,2,,,,,Ávila-Mosquera S.A.,ÁVILA-MOSQUERA,,,ZNIT,810065805-1,ZEMP,,,,CO,ANT,05001,Transversal 95 # 7-74 Sur,rrhh@ávila-mosquera.test,6011424451:TIT:OWN:TIT,,,Y,N,,,,SA,20260901
0007000634,2,,,,,Torres PLC S.A.S.,TORRES PLC,,,ZNIT,871441006-6,ZEMP,,,,CO,CUN,25754,Avenida carrera 1ª # 9-2 Sur,rrhh@torres.test,6011917530:TIT:OWN:TIT,,,Y,N,,,,SAS,20260901
0007000635,2,,,,,Arango Ltd S.A.,ARANGO LTD,,,ZNIT,816421634-6,ZEMP,,,,CO,ANT,05001,Cl. 137U # 83-61,rrhh@arango.test,6013658278:TIT:OWN:TIT,,,Y,N,,,,SA,20260901
0007000636,2,,,,,Castro LLC S.A.,CASTRO LLC,,,ZNIT,832253784-1,ZEMP,,,,CO,BOG,11001,Cl. 17 # 3-1 Sur,rrhh@castro.test,6015152824:TIT:OWN:TIT,,,Y,N,,,,SA,20260901
0007000637,2,,,,,Fundación Alvarado Blanco and Melo,ALVARADO BLANCO AND MELO,,,ZNIT,892098803-5,ZEMP,,,,CO,CUN,25286,Cr. 108A # 70-25 Este,rrhh@alvarado.test,6015375940:TIT:OWN:TIT,,,Y,N,,,,ESAL,20260901
0007000638,2,,,,,Montenegro-Vega S.A.,MONTENEGRO-VEGA,,,ZNIT,845269867-1,ZEMP,,,,CO,CUN,25286,Calle 32 # 5-6 Este,rrhh@montenegro-vega.test,6017164886:TIT:OWN:TIT,,,Y,N,,,,SA,20260901
0007000639,2,,,,,Burgos Cifuentes and Martínez S.A.,BURGOS CIFUENTES AND MARTÍNEZ,,,ZNIT,848593981-0,ZEMP,,,,CO,CUN,25754,Dg. 41 # 24-46 Sur,rrhh@burgos.test,6011749319:TIT:OWN:TIT,,,Y,N,,,,SA,20260901
0007000640,2,,,,,Gómez Inc Ltda.,GÓMEZ INC,,,ZNIT,844067749-8,ZEMP,,,,CO,VAL,76001,Dg. 9Q # 7T-16,rrhh@gómez.test,6014500675:TIT:OWN:TIT,,,Y,N,,,,LTDA,20260901
0007000641,2,,,,,Forero PLC S.A.,FORERO PLC,,,ZNIT,829161052-0,ZEMP,,,,CO,ANT,05001,Diagonal 70 # 8-68 Este,rrhh@forero.test,6012916484:TIT:OWN:TIT,,,Y,N,,,,SA,20260901
0007000642,2,,,,,Sandoval Jiménez and Suárez S.A.S.,SANDOVAL JIMÉNEZ AND SUÁREZ,,,ZNIT,817233272-0,ZEMP,,,,CO,VAL,76001,Cr. 15V # 91-4 Sur,rrhh@sandoval.test,6013543399:TIT:OWN:TIT,,,Y,N,,,,SAS,20260901
0007000643,2,,,,,Castillo Tovar and Beltrán S.A.,CASTILLO TOVAR AND BELTRÁN,,,ZNIT,865292911-5,ZEMP,,,,CO,ANT,05001,Calle 7A # 2-81 Sur,rrhh@castillo.test,6019679520:TIT:OWN:TIT,,,Y,N,,,,SA,20260901
0007000644,2,,,,,Salas-Giraldo S.A.S.,SALAS-GIRALDO,,,ZNIT,819756947-5,ZEMP,,,,CO,ANT,05001,Cr. 86T # 5F-28,rrhh@salas-giraldo.test,6019639865:TIT:OWN:TIT,,,Y,N,,,,SAS,20260901
0007000645,2,,,,,Salazar Inc S.A.,SALAZAR INC,,,ZNIT,816322979-7,ZEMP,,,,CO,VAL,76001,Avenida carrera 146 # 7-5 Sur,rrhh@salazar.test,6011416850:TIT:OWN:TIT,,,Y,N,,,,SA,20260901
0007000646,2,,,,,Díaz-Cárdenas Ltda.,DÍAZ-CÁRDENAS,,,ZNIT,826117594-3,ZEMP,,,,CO,CUN,25286,Av. carrera 41 # 74-4 Este,rrhh@díaz-cárdenas.test,6017367349:TIT:OWN:TIT,,,Y,N,,,,LTDA,20260901
0007000647,2,,,,,Fundación Triana Ltd,TRIANA LTD,,,ZNIT,877512877-1,ZEMP,,,,CO,ANT,05001,Carrera 58 # 9-32 Sur,rrhh@triana.test,6017011677:TIT:OWN:TIT,,,Y,N,,,,ESAL,20260901
0007000648,2,,,,,Rivera-Benavides S.A.,RIVERA-BENAVIDES,,,ZNIT,857351885-6,ZEMP,,,,CO,CUN,25754,Calle 6ª # 7-69,rrhh@rivera-benavides.test,6016202843:TIT:OWN:TIT,,,Y,N,,,,SA,20260901
0007000649,2,,,,,Torres-Chaparro S.A.,TORRES-CHAPARRO,,,ZNIT,887174847-6,ZEMP,,,,CO,BOG,11001,Carrera 89Q # 24-5 Este,rrhh@torres-chaparro.test,6017471671:TIT:OWN:TIT,,,Y,N,,,,SA,20260901
0007000650,2,,,,,Martínez Rincón and Herrera S.A.S.,MARTÍNEZ RINCÓN AND HERRERA,,,ZNIT,829506743-4,ZEMP,,,,CO,BOG,11001,Cl. 7 Bis G # 1-63 Sur,rrhh@martínez.test,6018694024:TIT:OWN:TIT,,,Y,N,,,,SAS,20260901
0007000651,2,,,,,Guevara and Sons S.A.,GUEVARA AND SONS,,,ZNIT,872311544-3,ZEMP,,,,CO,ANT,05001,Cr. 168 # 9-77,rrhh@guevara.test,6019251210:TIT:OWN:TIT,,,Y,N,,,,SA,20260901
0007000652,1,Luis,,Rentería,Díaz,,,1,19840527,ZCC,960411896,ZAFI,A,AF-000652,A,CO,CUN,25286,Avenida Valle del Cauca # 1-65 Sur,luis.moreno0@ejemplo.test,3354595948:TIT:OWN:TIT,,,Y,Y,,,,,20260901
0007000653,1,Alexander,,Silva,Rojas,,,1,19460226,ZCC,921076094,ZAFI,C,AF-000653,A,CO,CUN,25286,Carrera 64B # 67-1 Este,alexander.salas2@ejemplo.test,3259893032:TIT:OWN:TIT,,,Y,Y,,,,,20260901
0007000654,1,Nubia,María,Hernández,Ruiz,,,2,19460417,ZCC,934143325,ZAFI,A,AF-000654,A,CO,VAL,76001,Calle 104M # 9W-24 Este,nubia.páez4@ejemplo.test,3211698767:TIT:OWN:TIT,,,Y,N,WHATSAPP:N,,,,20260901
0007000655,1,Mabel,,Rodríguez,Rojas,,,2,19900402,ZCC,939394172,ZAFI,B,AF-000655,A,CO,VAL,76001,Carrera 120 Sur # 7-8,mabel.hoyos5@ejemplo.test,3220913724:TIT:OWN:TIT,,,Y,Y,,,,,20260901
0007000656,1,Kevin,Héctor,Rodríguez,Castro,,,1,19700418,ZCC,978957163,ZAFI,A,AF-000656,A,CO,ANT,05001,Calle 91 # 20F-1 Sur,kevin.ortiz6@ejemplo.test,3318166990:TIT:OWN:TIT,,,Y,Y,,,,,20260901
0007000657,1,Ingrid,,Yepes,Flórez,,,2,19751127,ZCC,986428207,ZAFI,A,AF-000657,A,CO,BOG,11001,Av. calle 38 # 17-59 Este,ingrid.ramírez7@ejemplo.test,3193133390:TIT:OWN:TIT;3476160381:TIT:GUA:TIT,0007000658:ZPAR,FAM-0007,Y,Y,,,,,20260901
0007000658,1,Jhonny,,Yepes,Giraldo,,,1,20180430,ZTI,947137669,ZBEN,,,A,CO,BOG,11001,Cl. 8ª # 80-49 Sur,jhonny.mantilla9007@ejemplo.test,3476160381:TIT:OWN:TIT,,FAM-0007,Y,Y,,,,,20260901
0007000659,1,Estiven,Alfonso,Morales,Rentería,,,1,20060220,ZPAS,P867603,ZAFI,B,AF-000659,A,CO,VAL,76001,Carrera 93T Bis D # 82-39 Este,estiven.cantillo8@ejemplo.test,3425596212:TIT:OWN:TIT,,,Y,Y,,,,,20260901
0007000660,2,,,,,Sarmiento Pérez and Jaimes Ltda.,SARMIENTO PÉREZ AND JAIMES,,,ZNIT,820986956-1,ZEMP,,,,CO,CUN,25286,Carrera 1ª # 86-9,rrhh@sarmiento.test,6017837920:TIT:OWN:TIT,,,Y,N,,,,LTDA,20260901
0007000661,2,,,,,Sánchez Group Ltda.,SÁNCHEZ GROUP,,,ZNIT,831585567-9,ZEMP,,,,CO,CUN,25754,Av. carrera 8ª # 97-57,rrhh@sánchez.test,6012072516:TIT:OWN:TIT,0007000660:ZSUB,,Y,N,,,,LTDA,20260901
0007000662,1,Roberto,,Ríos,Velasco,,,1,19980302,ZCC,926089474,ZAFI,A,AF-000662,A,CO,CUN,25754,Calle 95 # 12-3 Este,roberto.mejía9@ejemplo.test,3175018505:TIT:OWN:TIT,0007000660:ZREP;0007000661:ZSPO,,Y,Y,,,,,20260901
0007000663,1,José,Alejandro,García,Tamayo,,,1,20030504,ZCC,935530464,ZPRV,,,A,CO,VAL,76001,Calle 9I # 52-4 Sur,josé.velásquez10@ejemplo.test,3425560224:TIT:OWN:TIT,,,Y,Y,,,,,20260901
0007000664,1,Miller,César,Córdoba,Flórez,,,1,19941112,ZCC,961211629,ZAFI,C,AF-000664,A,CO,VAL,76001,Avenida calle 133 # 66-92,miller.caballero11@ejemplo.test,3182315317:TIT:OWN:TIT,,,Y,Y,,,,,20260901
0007000665,1,Hernán,Felix,Díaz,Saavedra,,,1,19501208,ZCC,977778835,ZAFI;ZSUB,A,AF-R00012,A,CO,VAL,76001,Avenida carrera 37 # 59-84 Sur,hernán.fernández12@ejemplo.test,3284070799:TIT:OWN:TIT,,,Y,Y,,,,,20260901
0007000666,1,Tatiana,Rocío,Flórez,Correa,,,2,19801223,ZCC,991654735,ZAFI,B,AF-000666,A,CO,ANT,05001,Av. calle 170 # 8-50 Este,tatiana.cáceres13@ejemplo.test,3331148043:TIT:OWN:TIT,,,Y,N,,,,,20260901
0007000667,1,Milena,,Vega,Domínguez,,,2,19521205,ZCC,953863639,ZAFI,A,AF-000667,A,CO,BOG,11001,Avenida Natalia Ramos Cabrera # 7-8 Sur,milena.cardona14@ejemplo.test,3294876871:TIT:OWN:TIT;3049435504:COB:OWN:UNC;3174256866:REF:REF:UNC;3280759393:COB:OWN:WRG,,,Y,Y,,BEN:Y;COB:Y;COM:N,,,20260901
0007000668,1,Estela,,Giraldo,Hernández,,,2,19710114,ZCC,959314532,ZAFI,A,AF-000668,A,CO,CUN,99999,Calle 118 # 30-8 Este,estela.pacheco17@ejemplo.test,3039301433:TIT:OWN:TIT,,,Y,Y,,,,,20260901
0007000669,2,,,,,Textiles del Norte S.A.S.,TEXTILES DEL NORTE,,,ZNIT,851766614-7,ZEMP,,,,CO,CUN,25754,Avenida carrera 9ª # 44-33,rrhh@textiles.test,6017493232:TIT:OWN:TIT,,,Y,N,,,,SAS,20260901
0007000670,2,,,,,Inversiones Vanegas Ltda.,INVERSIONES VANEGAS,,,ZNIT,833409072-1,ZEMP,,,,CO,BOG,11001,Av. calle 4ª # 7-61 Este,rrhh@inversiones.test,6012579224:TIT:OWN:TIT,,,Y,N,,,,LTDA,20260901
0007000671,1,Andrés,Felipe,Cardona,Bermúdez,,,1,19481003,ZCC,986017157,ZAFI,A,AF-000671,A,CO,BOG,11001,Cl. 71 # 2-10,josé.montoya19@ejemplo.test,3251829669:TIT:OWN:TIT,,FAM-0018,Y,N,,,,,20260901
0007000672,1,Sofía,,Cardona,Restrepo,,,1,20210720,ZTI,985762045,ZBEN,A,,A,CO,BOG,11001,Calle 3ª # 7-52 Sur,ángel.ocampo9018@ejemplo.test,3192947410:TIT:GUA:TIT,0007000673:ZBEN,FAM-0018,Y,N,,,,,20260901
0007000673,1,Mariana,Lucía,Restrepo,Vanegas,,,1,19530713,ZCC,999578905,ZAFI;ZSUB,A,AF-U00018,A,CO,BOG,11001,Tr. 17 # 61-1 Este,mariana.restrepo.vitrina@ejemplo.test,3192947410:TIT:OWN:TIT;3029817825:COB:OWN:UNC;3270865610:REF:REF:UNC,0007000669:ZEMP;0007000670:ZREP;0007000670:ZSHA;0007000671:ZSPO;0007000672:ZPAR,FAM-0018,Y,Y,,BEN:Y;COB:Y;COM:Y,,,20260901
